/*
SQLyog Community Edition- MySQL GUI v8.02 
MySQL - 5.5.27 : Database - khaibar
*********************************************************************
*/

/*!40101 SET NAMES utf8 */;

/*!40101 SET SQL_MODE=''*/;

/*!40014 SET @OLD_FOREIGN_KEY_CHECKS=@@FOREIGN_KEY_CHECKS, FOREIGN_KEY_CHECKS=0 */;
/*!40101 SET @OLD_SQL_MODE=@@SQL_MODE, SQL_MODE='NO_AUTO_VALUE_ON_ZERO' */;

CREATE DATABASE /*!32312 IF NOT EXISTS*/`khaibar` /*!40100 DEFAULT CHARACTER SET latin1 */;

USE `khaibar`;

/*Table structure for table `accessoriesmaster` */

DROP TABLE IF EXISTS `accessoriesmaster`;

CREATE TABLE `accessoriesmaster` (
  `id` int(11) NOT NULL AUTO_INCREMENT,
  `created_time` timestamp NULL DEFAULT NULL,
  `updated_time` timestamp NOT NULL DEFAULT CURRENT_TIMESTAMP ON UPDATE CURRENT_TIMESTAMP,
  `typeofaccessory` varchar(255) DEFAULT NULL,
  `suppliername` varchar(255) DEFAULT NULL,
  `madein` varchar(255) DEFAULT NULL,
  `lponumber` varchar(255) DEFAULT NULL,
  `accessoriesstatus` varchar(255) DEFAULT NULL,
  `remarks` varchar(255) DEFAULT NULL,
  `status` varchar(255) DEFAULT NULL,
  PRIMARY KEY (`id`)
) ENGINE=InnoDB DEFAULT CHARSET=latin1;

/*Data for the table `accessoriesmaster` */

/*Table structure for table `addgas` */

DROP TABLE IF EXISTS `addgas`;

CREATE TABLE `addgas` (
  `id` int(11) NOT NULL AUTO_INCREMENT,
  `created_time` timestamp NULL DEFAULT NULL,
  `updated_time` timestamp NOT NULL DEFAULT CURRENT_TIMESTAMP ON UPDATE CURRENT_TIMESTAMP,
  `fillingStationId` varchar(255) DEFAULT NULL,
  `fillingstationname` varchar(255) DEFAULT NULL,
  `gasInKgs` varchar(255) DEFAULT '0',
  `closedgas` varchar(255) DEFAULT NULL,
  PRIMARY KEY (`id`)
) ENGINE=InnoDB AUTO_INCREMENT=4 DEFAULT CHARSET=latin1;

/*Data for the table `addgas` */

insert  into `addgas`(`id`,`created_time`,`updated_time`,`fillingStationId`,`fillingstationname`,`gasInKgs`,`closedgas`) values (1,'2018-02-01 15:31:23','2018-01-31 17:03:39','1',NULL,'100','155'),(2,'2018-01-31 15:31:52','2018-01-31 15:31:52','1',NULL,'100','255'),(3,'2018-01-31 16:09:51','2018-01-31 16:09:51','1','sdsd','100','355');

/*Table structure for table `companymaster` */

DROP TABLE IF EXISTS `companymaster`;

CREATE TABLE `companymaster` (
  `id` int(11) NOT NULL AUTO_INCREMENT,
  `created_time` timestamp NULL DEFAULT NULL,
  `updated_time` timestamp NOT NULL DEFAULT CURRENT_TIMESTAMP ON UPDATE CURRENT_TIMESTAMP,
  `companycode` varchar(255) DEFAULT NULL,
  `companyname` varchar(255) DEFAULT NULL,
  `contactpersonname` varchar(255) DEFAULT NULL,
  `contactpersonmobile` varchar(255) DEFAULT NULL,
  `emailid` varchar(255) DEFAULT NULL,
  `remarks` varchar(255) DEFAULT NULL,
  `typeofcompany` varchar(255) DEFAULT NULL,
  `companyAddress` varchar(1000) DEFAULT NULL,
  `status` varchar(255) DEFAULT NULL,
  PRIMARY KEY (`id`)
) ENGINE=InnoDB AUTO_INCREMENT=2 DEFAULT CHARSET=latin1;

/*Data for the table `companymaster` */

insert  into `companymaster`(`id`,`created_time`,`updated_time`,`companycode`,`companyname`,`contactpersonname`,`contactpersonmobile`,`emailid`,`remarks`,`typeofcompany`,`companyAddress`,`status`) values (1,'2018-01-13 13:27:45','2018-01-13 13:27:45','dghdgh','dfghdfgh','dfghdfh','656757','fghfdh','','Owner','','1');

/*Table structure for table `customercylinders` */

DROP TABLE IF EXISTS `customercylinders`;

CREATE TABLE `customercylinders` (
  `id` int(11) NOT NULL AUTO_INCREMENT,
  `created_time` timestamp NULL DEFAULT NULL,
  `updated_time` timestamp NOT NULL DEFAULT CURRENT_TIMESTAMP ON UPDATE CURRENT_TIMESTAMP,
  `customerId` varchar(255) DEFAULT NULL,
  `accessoriesId` varchar(255) DEFAULT NULL,
  `cylinderId` varchar(255) DEFAULT NULL,
  `quantity` varchar(155) DEFAULT NULL,
  `price` varchar(255) DEFAULT NULL,
  `discount` varchar(255) DEFAULT NULL,
  `grandTotal` varchar(255) DEFAULT NULL,
  `vat` varchar(255) DEFAULT NULL,
  `cylinderDeliverTruck` varchar(255) DEFAULT NULL,
  `cylinderReturnTruck` varchar(255) DEFAULT NULL,
  `cylinderreturn` varchar(255) DEFAULT '0',
  `invoiceId` varchar(255) DEFAULT NULL,
  `returnCylinderInvoiceId` varchar(255) DEFAULT NULL,
  PRIMARY KEY (`id`)
) ENGINE=InnoDB AUTO_INCREMENT=49 DEFAULT CHARSET=latin1;

/*Data for the table `customercylinders` */

insert  into `customercylinders`(`id`,`created_time`,`updated_time`,`customerId`,`accessoriesId`,`cylinderId`,`quantity`,`price`,`discount`,`grandTotal`,`vat`,`cylinderDeliverTruck`,`cylinderReturnTruck`,`cylinderreturn`,`invoiceId`,`returnCylinderInvoiceId`) values (1,'2018-02-01 10:48:09','2018-02-01 15:14:39','1',NULL,'1','1','5656','0','5656.00','5','1','1','1',NULL,'Z0T3Q'),(2,'2018-02-01 10:59:28','2018-02-01 12:08:32','1',NULL,'2','1','5656','0','5656.00','5','1','1','1',NULL,'HZOR7'),(3,'2018-02-01 11:02:55','2018-02-01 11:12:05','1',NULL,'3','1','5656','0','5656.00','5','1','1','1','MBJMM',NULL),(4,'2018-02-01 11:03:25','2018-02-01 11:20:03','1',NULL,'4','1','5656','0','22624.00','5','1','1','1','K4DQ0','6A1X7'),(5,'2018-02-01 11:03:25','2018-02-01 11:20:03','1',NULL,'5','1','5656','0','22624.00','5','1','1','1','K4DQ0','6A1X7'),(6,'2018-02-01 11:03:25','2018-02-01 11:07:19','1',NULL,'6','1','5656','0','22624.00','5','1','1','1','C18IJ',NULL),(7,'2018-02-01 11:03:25','2018-02-01 11:07:19','1',NULL,'7','1','5656','0','22624.00','5','1','1','1','C18IJ',NULL),(8,'2018-02-01 11:20:02','2018-02-01 11:49:48','1',NULL,'8','1','5656','0','5656.00','5','1','1','1','6A1X7','J2FK6'),(9,'2018-02-02 15:03:51','2018-02-02 15:03:51','1',NULL,'1','1','5656','0','5656.00','5','1','1','0','7I3PS',NULL),(10,'2018-02-02 15:13:25','2018-02-02 15:13:25','1',NULL,'2','1','5656','0','5656.00','5','1','1','0','BOCU9',NULL),(11,'2018-02-02 15:21:24','2018-02-02 15:21:24','1',NULL,'3','1','5656','0','5656.00','5','1','1','0','MYS8Y',NULL),(12,'2018-02-02 15:39:51','2018-02-02 15:39:51','1',NULL,'4','1','5656','0','5656.00','5','1','1','0','13OTX',NULL),(13,'2018-02-03 11:27:08','2018-02-03 11:27:08','1',NULL,'5','1','5656','0','5656.00','5','1','1','0','TW6PS',NULL),(14,'2018-02-03 11:31:58','2018-02-03 11:31:58','1',NULL,'6','1','5656','0','5656.00','5','1','1','0','0DRFA',NULL),(15,'2018-02-03 11:35:00','2018-02-03 11:35:00','1',NULL,'7','1','5656','0','5656.00','5','1','1','0','6CV9O',NULL),(16,'2018-02-03 14:51:45','2018-02-03 14:51:45','1',NULL,'8','1','5656','0','11312.00','5','1','1','0','F5DPI',NULL),(17,'2018-02-03 14:57:46','2018-02-03 14:57:46','1',NULL,'1','1','5656','0','5656.00','5','1','1','0','UBW61',NULL),(18,'2018-02-03 14:58:07','2018-02-03 14:58:07','1',NULL,'2','1','5656','0','5656.00','5','1','1','0','UBW61',NULL),(19,'2018-02-03 15:01:40','2018-02-03 15:01:40','1',NULL,'3','1','5656','0','5656.00','5','1','1','0','GSNCY',NULL),(20,'2018-02-03 15:01:41','2018-02-03 15:01:41','1',NULL,'4','1','5656','0','5656.00','5','1','1','0','GSNCY',NULL),(21,'2018-02-03 15:08:26','2018-02-03 15:08:26','1',NULL,'5','1','5656','0','11312.00','5','1','1','0','BDZTA',NULL),(22,'2018-02-03 15:08:26','2018-02-03 15:08:26','1',NULL,'6','1','5656','0','11312.00','5','1','1','0','BDZTA',NULL),(23,'2018-02-03 15:08:26','2018-02-05 15:17:20','1',NULL,'7','1','5656','0','11312.00','5','1','1','1','BDZTA','H1UK1'),(24,'2018-02-03 15:08:26','2018-02-05 15:17:20','1',NULL,'8','1','5656','0','11312.00','5','1','1','1','BDZTA','H1UK1'),(25,'2018-02-05 15:20:05','2018-02-05 15:20:05','1',NULL,'1','1','5656','10','11312.00','5','1','1','0','V96OP',NULL),(26,'2018-02-05 15:20:05','2018-02-05 15:20:05','1',NULL,'2','1','5656','10','11312.00','5','1','1','0','V96OP',NULL),(27,'2018-02-05 15:20:05','2018-02-05 16:22:32','1',NULL,'3','1','5656','10','11312.00','5','1','1','1','V96OP','G0S4X'),(28,'2018-02-05 15:20:05','2018-02-05 16:22:32','1',NULL,'4','1','5656','10','11312.00','5','1','1','1','V96OP','G0S4X'),(29,'2018-02-05 16:22:32','2018-02-05 16:27:28','1',NULL,'5','1','5656','0','5656.00','5','1','1','1','G0S4X','WV7E9'),(30,'2018-02-05 16:22:32','2018-02-05 16:27:28','1',NULL,'6','1','5656','0','5656.00','5','1','1','1','G0S4X','WV7E9'),(31,'2018-02-05 16:27:28','2018-02-05 16:44:21','1',NULL,'7','1','5656','0','11312.00','5','1','1','1','WV7E9','2IW6T'),(32,'2018-02-05 16:27:28','2018-02-05 16:44:21','1',NULL,'8','1','5656','0','11312.00','5','1','1','1','WV7E9','2IW6T'),(33,'2018-02-05 16:44:21','2018-02-05 16:44:21','1',NULL,'1','1','5656','0','11312.00','5','1','1','0','2IW6T',NULL),(34,'2018-02-05 16:44:21','2018-02-05 16:44:21','1',NULL,'2','1','5656','0','11312.00','5','1','1','0','2IW6T',NULL),(35,'2018-02-05 16:44:21','2018-02-05 16:55:49','1',NULL,'3','1','5656','0','11312.00','5','1','1','1','2IW6T','N0VAR'),(36,'2018-02-05 16:44:21','2018-02-05 16:55:49','1',NULL,'4','1','5656','0','11312.00','5','1','1','1','2IW6T','N0VAR'),(37,'2018-02-05 16:55:49','2018-02-05 16:55:49','1',NULL,'5','1','5656','0','11312.00','5','1','1','0','N0VAR',NULL),(38,'2018-02-05 16:55:49','2018-02-05 16:55:49','1',NULL,'6','1','5656','0','11312.00','5','1','1','0','N0VAR',NULL),(39,'2018-02-05 17:03:27','2018-02-05 17:03:27','1',NULL,'1','1','5656','0','11312.00','5','1','1','0','92SZ1',NULL),(40,'2018-02-05 17:03:27','2018-02-05 17:03:27','1',NULL,'2','1','5656','0','11312.00','5','1','1','0','92SZ1',NULL),(41,'2018-02-05 17:03:27','2018-02-05 17:03:27','1',NULL,'3','1','5656','0','11312.00','5','1','1','0','92SZ1',NULL),(42,'2018-02-05 17:03:27','2018-02-05 17:03:27','1',NULL,'4','1','5656','0','11312.00','5','1','1','0','92SZ1',NULL),(43,'2018-02-05 17:57:23','2018-02-05 17:57:23','1',NULL,'5','1','5656','0','5656.00','5','1','1','0','0WZJU',NULL),(44,'2018-02-05 17:57:23','2018-02-10 11:06:14','1',NULL,'6','1','5656','0','5656.00','5','1','1','1','0WZJU','RJMH0'),(45,'2018-02-05 18:02:28','2018-02-10 11:06:15','1',NULL,'7','1','5656','0','11312.00','5','1','1','1','5FVTP','RJMH0'),(46,'2018-02-05 18:02:28','2018-02-05 18:02:28','1',NULL,'8','1','5656','0','11312.00','5','1','1','0','5FVTP',NULL),(47,'2018-02-10 10:56:48','2018-02-10 10:56:48','1',NULL,'1','1','5656','0','11312.00','5','1','1','0','MOGBR',NULL),(48,'2018-02-10 10:56:49','2018-02-10 10:56:49','1',NULL,'2','1','5656','0','11312.00','5','1','1','0','MOGBR',NULL);

/*Table structure for table `customermaster` */

DROP TABLE IF EXISTS `customermaster`;

CREATE TABLE `customermaster` (
  `id` int(11) NOT NULL AUTO_INCREMENT,
  `created_time` timestamp NULL DEFAULT NULL,
  `updated_time` timestamp NOT NULL DEFAULT CURRENT_TIMESTAMP ON UPDATE CURRENT_TIMESTAMP,
  `customerid` varchar(255) DEFAULT NULL,
  `customername` varchar(255) DEFAULT NULL,
  `customeraddress` varchar(255) DEFAULT NULL,
  `mobile` varchar(255) DEFAULT NULL,
  `landline` varchar(255) DEFAULT NULL,
  `authorizedperson` varchar(255) DEFAULT NULL,
  `contactperson` varchar(255) DEFAULT NULL,
  `customertype` varchar(255) DEFAULT NULL,
  `cylinderId` varchar(255) DEFAULT NULL,
  `paidAmount` varchar(100) DEFAULT '0',
  `netAmount` varchar(255) DEFAULT '0',
  `dueAmount` varchar(255) DEFAULT '0',
  `previousDueAmount` varchar(255) DEFAULT NULL,
  `invoiceId` varchar(255) DEFAULT NULL,
  `status` varchar(255) DEFAULT NULL,
  PRIMARY KEY (`id`)
) ENGINE=InnoDB AUTO_INCREMENT=2 DEFAULT CHARSET=latin1;

/*Data for the table `customermaster` */

insert  into `customermaster`(`id`,`created_time`,`updated_time`,`customerid`,`customername`,`customeraddress`,`mobile`,`landline`,`authorizedperson`,`contactperson`,`customertype`,`cylinderId`,`paidAmount`,`netAmount`,`dueAmount`,`previousDueAmount`,`invoiceId`,`status`) values (1,'2018-01-23 10:46:00','2018-02-10 11:06:15','COM10001','sdsd','dfdf dfd dfdfd dfdf d','8787','565656','sdfdf','dfdfdf','COMMERCIAL','6 , 7','1000','286760','285760','286760',NULL,'1');

/*Table structure for table `cylindermaster` */

DROP TABLE IF EXISTS `cylindermaster`;

CREATE TABLE `cylindermaster` (
  `id` int(11) NOT NULL AUTO_INCREMENT,
  `created_time` timestamp NULL DEFAULT NULL,
  `updated_time` timestamp NOT NULL DEFAULT CURRENT_TIMESTAMP ON UPDATE CURRENT_TIMESTAMP,
  `cylinderid` varchar(255) DEFAULT NULL,
  `store` varchar(255) DEFAULT NULL,
  `size` varchar(255) DEFAULT NULL,
  `capacity` varchar(255) DEFAULT NULL,
  `cylinderstatus` varchar(255) DEFAULT NULL,
  `customerid` varchar(255) DEFAULT NULL,
  `location` varchar(255) DEFAULT NULL,
  `lponumber` varchar(255) DEFAULT NULL,
  `color` varchar(255) DEFAULT NULL,
  `madein` varchar(255) DEFAULT NULL,
  `expirydate` timestamp NULL DEFAULT NULL,
  `ownercompany` varchar(255) DEFAULT NULL,
  `fillingstationId` varchar(255) DEFAULT NULL,
  `truckId` varchar(255) DEFAULT NULL,
  `remarks` varchar(255) DEFAULT NULL,
  `status` varchar(255) DEFAULT NULL,
  PRIMARY KEY (`id`)
) ENGINE=InnoDB AUTO_INCREMENT=96 DEFAULT CHARSET=latin1;

/*Data for the table `cylindermaster` */

insert  into `cylindermaster`(`id`,`created_time`,`updated_time`,`cylinderid`,`store`,`size`,`capacity`,`cylinderstatus`,`customerid`,`location`,`lponumber`,`color`,`madein`,`expirydate`,`ownercompany`,`fillingstationId`,`truckId`,`remarks`,`status`) values (1,'2018-01-13 13:28:50','2018-02-10 10:56:48','L000000001','1','1','11','6','1','fghfh','LPO1000001','red','dfghdfgh','2018-01-23 00:00:00','1','1','1','','1'),(2,'2018-01-19 13:12:38','2018-02-10 10:56:49','L000000002','1','1','11','6','1','fghfh','LPO1000001','Red','dfghdfgh','2018-01-25 00:00:00','1','1','1','','1'),(3,'2018-01-19 13:12:55','2018-02-10 10:56:08','L000000003','1','1','11','5','1','fghfh','LPO1000003','Red','dfgdfg','2018-01-25 00:00:00','1','1','1','','1'),(4,'2018-01-19 13:13:06','2018-02-10 10:56:10','L000000004','1','1','11','5','1','fghfh','LPO1000001','Red','dfghdfgh','2018-01-27 00:00:00','1','1','1','','1'),(5,'2018-01-19 13:13:21','2018-02-10 10:56:10','L000000005','1','1','11','5','1','fghfh','LPO1000001','Red','dfghdfgh','2018-01-23 00:00:00','1','1','1','','1'),(6,'2018-02-01 10:40:11','2018-02-10 11:06:15','L000000006','1','1','11','7','1','fghfh','LPO1000004','Red','kotaiah','2018-02-07 00:00:00','1','1','1','','1'),(7,'2018-02-01 10:40:30','2018-02-10 11:06:15','L000000007','1','1','11','7','1','fghfh','LPO1000004','Red','kotaiah','2018-02-01 00:00:00','1','1','1','','1'),(8,'2018-02-01 10:41:17','2018-02-10 10:56:15','L000000008','1','1','11','5','1','fghfh','LPO1000004','Red','kotaiah','2018-02-08 00:00:00','1','1','1','','1'),(9,'2018-02-01 10:41:34','2018-02-05 15:18:31','S000000009','1','2','22','5',NULL,'fghfh','LPO1000004','Red','kotaiah','2018-02-01 00:00:00','1','1',NULL,'','1'),(10,'2018-02-09 20:12:24','2018-02-09 20:12:25','L000000010','1','1','11','1',NULL,'fghfh','LPO1000002','Red','sdsd','2018-02-09 00:00:00','1',NULL,NULL,'','1'),(11,'2018-02-09 20:14:08','2018-02-09 20:14:45','L000000011','1','1','11','1',NULL,'fghfh','LPO1000002','Red','sdsd','2018-02-09 00:00:00','1',NULL,NULL,'','1'),(12,'2018-02-09 20:15:42','2018-02-09 20:16:01','L000000012','1','1','11','1',NULL,'fghfh','LPO1000002','Red','sdsd','2018-02-14 00:00:00','1',NULL,NULL,'','1'),(13,'2018-02-09 20:15:42','2018-02-09 20:16:01','L000000013','1','1','11','1',NULL,'fghfh','LPO1000002','Red','sdsd','2018-02-14 00:00:00','1',NULL,NULL,'','1'),(14,'2018-02-09 20:15:42','2018-02-09 20:16:01','L000000014','1','1','11','1',NULL,'fghfh','LPO1000002','Red','sdsd','2018-02-14 00:00:00','1',NULL,NULL,'','1'),(15,'2018-02-09 20:15:42','2018-02-09 20:16:01','L000000015','1','1','11','1',NULL,'fghfh','LPO1000002','Red','sdsd','2018-02-14 00:00:00','1',NULL,NULL,'','1'),(16,'2018-02-09 20:15:42','2018-02-09 20:16:01','L000000016','1','1','11','1',NULL,'fghfh','LPO1000002','Red','sdsd','2018-02-14 00:00:00','1',NULL,NULL,'','1'),(17,'2018-02-09 20:15:42','2018-02-09 20:16:01','L000000017','1','1','11','1',NULL,'fghfh','LPO1000002','Red','sdsd','2018-02-14 00:00:00','1',NULL,NULL,'','1'),(18,'2018-02-09 20:15:42','2018-02-09 20:16:01','L000000018','1','1','11','1',NULL,'fghfh','LPO1000002','Red','sdsd','2018-02-14 00:00:00','1',NULL,NULL,'','1'),(19,'2018-02-09 20:15:42','2018-02-09 20:16:01','L000000019','1','1','11','1',NULL,'fghfh','LPO1000002','Red','sdsd','2018-02-14 00:00:00','1',NULL,NULL,'','1'),(20,'2018-02-09 20:15:42','2018-02-09 20:16:01','L000000020','1','1','11','1',NULL,'fghfh','LPO1000002','Red','sdsd','2018-02-14 00:00:00','1',NULL,NULL,'','1'),(21,'2018-02-09 20:15:42','2018-02-09 20:16:01','L000000021','1','1','11','1',NULL,'fghfh','LPO1000002','Red','sdsd','2018-02-14 00:00:00','1',NULL,NULL,'','1'),(22,'2018-02-09 20:15:42','2018-02-09 20:16:01','L000000022','1','1','11','1',NULL,'fghfh','LPO1000002','Red','sdsd','2018-02-14 00:00:00','1',NULL,NULL,'','1'),(23,'2018-02-09 20:15:42','2018-02-09 20:16:01','L000000023','1','1','11','1',NULL,'fghfh','LPO1000002','Red','sdsd','2018-02-14 00:00:00','1',NULL,NULL,'','1'),(24,'2018-02-09 20:15:42','2018-02-09 20:16:01','L000000024','1','1','11','1',NULL,'fghfh','LPO1000002','Red','sdsd','2018-02-14 00:00:00','1',NULL,NULL,'','1'),(25,'2018-02-09 20:15:42','2018-02-09 20:16:01','L000000025','1','1','11','1',NULL,'fghfh','LPO1000002','Red','sdsd','2018-02-14 00:00:00','1',NULL,NULL,'','1'),(26,'2018-02-09 20:15:42','2018-02-09 20:16:01','L000000026','1','1','11','1',NULL,'fghfh','LPO1000002','Red','sdsd','2018-02-14 00:00:00','1',NULL,NULL,'','1'),(27,'2018-02-09 20:15:42','2018-02-09 20:16:01','L000000027','1','1','11','1',NULL,'fghfh','LPO1000002','Red','sdsd','2018-02-14 00:00:00','1',NULL,NULL,'','1'),(28,'2018-02-09 20:15:42','2018-02-09 20:16:01','L000000028','1','1','11','1',NULL,'fghfh','LPO1000002','Red','sdsd','2018-02-14 00:00:00','1',NULL,NULL,'','1'),(29,'2018-02-09 20:15:42','2018-02-09 20:16:01','L000000029','1','1','11','1',NULL,'fghfh','LPO1000002','Red','sdsd','2018-02-14 00:00:00','1',NULL,NULL,'','1'),(30,'2018-02-09 20:15:42','2018-02-09 20:16:01','L000000030','1','1','11','1',NULL,'fghfh','LPO1000002','Red','sdsd','2018-02-14 00:00:00','1',NULL,NULL,'','1'),(31,'2018-02-09 20:15:42','2018-02-09 20:16:01','L000000031','1','1','11','1',NULL,'fghfh','LPO1000002','Red','sdsd','2018-02-14 00:00:00','1',NULL,NULL,'','1'),(32,'2018-02-09 20:15:42','2018-02-09 20:16:01','L000000032','1','1','11','1',NULL,'fghfh','LPO1000002','Red','sdsd','2018-02-14 00:00:00','1',NULL,NULL,'','1'),(33,'2018-02-09 20:15:42','2018-02-09 20:16:01','L000000033','1','1','11','1',NULL,'fghfh','LPO1000002','Red','sdsd','2018-02-14 00:00:00','1',NULL,NULL,'','1'),(34,'2018-02-09 20:15:42','2018-02-09 20:16:01','L000000034','1','1','11','1',NULL,'fghfh','LPO1000002','Red','sdsd','2018-02-14 00:00:00','1',NULL,NULL,'','1'),(35,'2018-02-09 20:15:42','2018-02-09 20:16:01','L000000035','1','1','11','1',NULL,'fghfh','LPO1000002','Red','sdsd','2018-02-14 00:00:00','1',NULL,NULL,'','1'),(36,'2018-02-09 20:15:42','2018-02-09 20:16:01','L000000036','1','1','11','1',NULL,'fghfh','LPO1000002','Red','sdsd','2018-02-14 00:00:00','1',NULL,NULL,'','1'),(37,'2018-02-09 20:15:42','2018-02-09 20:16:01','L000000037','1','1','11','1',NULL,'fghfh','LPO1000002','Red','sdsd','2018-02-14 00:00:00','1',NULL,NULL,'','1'),(38,'2018-02-09 20:15:42','2018-02-09 20:16:01','L000000038','1','1','11','1',NULL,'fghfh','LPO1000002','Red','sdsd','2018-02-14 00:00:00','1',NULL,NULL,'','1'),(39,'2018-02-09 20:15:42','2018-02-09 20:16:01','L000000039','1','1','11','1',NULL,'fghfh','LPO1000002','Red','sdsd','2018-02-14 00:00:00','1',NULL,NULL,'','1'),(40,'2018-02-09 20:15:42','2018-02-09 20:16:01','L000000040','1','1','11','1',NULL,'fghfh','LPO1000002','Red','sdsd','2018-02-14 00:00:00','1',NULL,NULL,'','1'),(41,'2018-02-09 20:15:42','2018-02-09 20:16:01','L000000041','1','1','11','1',NULL,'fghfh','LPO1000002','Red','sdsd','2018-02-14 00:00:00','1',NULL,NULL,'','1'),(42,'2018-02-09 20:15:42','2018-02-09 20:16:01','L000000042','1','1','11','1',NULL,'fghfh','LPO1000002','Red','sdsd','2018-02-14 00:00:00','1',NULL,NULL,'','1'),(43,'2018-02-09 20:15:42','2018-02-09 20:16:01','L000000043','1','1','11','1',NULL,'fghfh','LPO1000002','Red','sdsd','2018-02-14 00:00:00','1',NULL,NULL,'','1'),(44,'2018-02-09 20:15:42','2018-02-09 20:16:01','L000000044','1','1','11','1',NULL,'fghfh','LPO1000002','Red','sdsd','2018-02-14 00:00:00','1',NULL,NULL,'','1'),(45,'2018-02-09 20:15:42','2018-02-09 20:16:01','L000000045','1','1','11','1',NULL,'fghfh','LPO1000002','Red','sdsd','2018-02-14 00:00:00','1',NULL,NULL,'','1'),(46,'2018-02-09 20:15:42','2018-02-09 20:16:01','L000000046','1','1','11','1',NULL,'fghfh','LPO1000002','Red','sdsd','2018-02-14 00:00:00','1',NULL,NULL,'','1'),(47,'2018-02-09 20:15:42','2018-02-09 20:16:01','L000000047','1','1','11','1',NULL,'fghfh','LPO1000002','Red','sdsd','2018-02-14 00:00:00','1',NULL,NULL,'','1'),(48,'2018-02-09 20:15:42','2018-02-09 20:16:01','L000000048','1','1','11','1',NULL,'fghfh','LPO1000002','Red','sdsd','2018-02-14 00:00:00','1',NULL,NULL,'','1'),(49,'2018-02-09 20:15:42','2018-02-09 20:16:01','L000000049','1','1','11','1',NULL,'fghfh','LPO1000002','Red','sdsd','2018-02-14 00:00:00','1',NULL,NULL,'','1'),(50,'2018-02-09 20:15:42','2018-02-09 20:16:01','L000000050','1','1','11','1',NULL,'fghfh','LPO1000002','Red','sdsd','2018-02-14 00:00:00','1',NULL,NULL,'','1'),(51,'2018-02-09 20:15:42','2018-02-09 20:16:01','L000000051','1','1','11','1',NULL,'fghfh','LPO1000002','Red','sdsd','2018-02-14 00:00:00','1',NULL,NULL,'','1'),(52,'2018-02-09 20:17:35','2018-02-09 20:17:35','L000000052','1','1','11','1',NULL,'fghfh','LPO1000003','Red','dfgdfg','2018-02-16 00:00:00','1',NULL,NULL,'','1'),(53,'2018-02-09 20:17:35','2018-02-09 20:17:35','L000000053','1','1','11','1',NULL,'fghfh','LPO1000003','Red','dfgdfg','2018-02-16 00:00:00','1',NULL,NULL,'','1'),(54,'2018-02-09 20:17:35','2018-02-09 20:17:35','L000000054','1','1','11','1',NULL,'fghfh','LPO1000003','Red','dfgdfg','2018-02-16 00:00:00','1',NULL,NULL,'','1'),(55,'2018-02-09 20:18:47','2018-02-09 20:18:48','L000000055','1','1','11','1',NULL,'fghfh','LPO1000004','Red','kotaiah','2018-02-09 00:00:00','1',NULL,NULL,'','1'),(56,'2018-02-09 20:18:47','2018-02-09 20:18:48','L000000056','1','1','11','1',NULL,'fghfh','LPO1000004','Red','kotaiah','2018-02-09 00:00:00','1',NULL,NULL,'','1'),(57,'2018-02-09 20:18:47','2018-02-09 20:18:48','L000000057','1','1','11','1',NULL,'fghfh','LPO1000004','Red','kotaiah','2018-02-09 00:00:00','1',NULL,NULL,'','1'),(58,'2018-02-09 20:18:47','2018-02-09 20:18:48','L000000058','1','1','11','1',NULL,'fghfh','LPO1000004','Red','kotaiah','2018-02-09 00:00:00','1',NULL,NULL,'','1'),(59,'2018-02-09 20:18:47','2018-02-09 20:18:48','L000000059','1','1','11','1',NULL,'fghfh','LPO1000004','Red','kotaiah','2018-02-09 00:00:00','1',NULL,NULL,'','1'),(60,'2018-02-09 20:18:47','2018-02-09 20:18:48','L000000060','1','1','11','1',NULL,'fghfh','LPO1000004','Red','kotaiah','2018-02-09 00:00:00','1',NULL,NULL,'','1'),(61,'2018-02-09 20:18:47','2018-02-09 20:18:48','L000000061','1','1','11','1',NULL,'fghfh','LPO1000004','Red','kotaiah','2018-02-09 00:00:00','1',NULL,NULL,'','1'),(62,'2018-02-09 20:18:47','2018-02-09 20:18:48','L000000062','1','1','11','1',NULL,'fghfh','LPO1000004','Red','kotaiah','2018-02-09 00:00:00','1',NULL,NULL,'','1'),(63,'2018-02-09 20:18:47','2018-02-09 20:18:48','L000000063','1','1','11','1',NULL,'fghfh','LPO1000004','Red','kotaiah','2018-02-09 00:00:00','1',NULL,NULL,'','1'),(64,'2018-02-09 20:18:47','2018-02-09 20:18:48','L000000064','1','1','11','1',NULL,'fghfh','LPO1000004','Red','kotaiah','2018-02-09 00:00:00','1',NULL,NULL,'','1'),(65,'2018-02-09 20:19:09','2018-02-09 20:19:11','L000000065','1','1','11','1',NULL,'fghfh','LPO1000004','Red','kotaiah','2018-02-09 00:00:00','1',NULL,NULL,'','1'),(66,'2018-02-09 20:19:09','2018-02-09 20:19:11','L000000066','1','1','11','1',NULL,'fghfh','LPO1000004','Red','kotaiah','2018-02-09 00:00:00','1',NULL,NULL,'','1'),(67,'2018-02-09 20:19:09','2018-02-09 20:19:11','L000000067','1','1','11','1',NULL,'fghfh','LPO1000004','Red','kotaiah','2018-02-09 00:00:00','1',NULL,NULL,'','1'),(68,'2018-02-09 20:19:09','2018-02-09 20:19:11','L000000068','1','1','11','1',NULL,'fghfh','LPO1000004','Red','kotaiah','2018-02-09 00:00:00','1',NULL,NULL,'','1'),(69,'2018-02-09 20:19:09','2018-02-09 20:19:11','L000000069','1','1','11','1',NULL,'fghfh','LPO1000004','Red','kotaiah','2018-02-09 00:00:00','1',NULL,NULL,'','1'),(70,'2018-02-09 20:19:09','2018-02-09 20:19:11','L000000070','1','1','11','1',NULL,'fghfh','LPO1000004','Red','kotaiah','2018-02-09 00:00:00','1',NULL,NULL,'','1'),(71,'2018-02-09 20:19:09','2018-02-09 20:19:11','L000000071','1','1','11','1',NULL,'fghfh','LPO1000004','Red','kotaiah','2018-02-09 00:00:00','1',NULL,NULL,'','1'),(72,'2018-02-09 20:19:09','2018-02-09 20:19:11','L000000072','1','1','11','1',NULL,'fghfh','LPO1000004','Red','kotaiah','2018-02-09 00:00:00','1',NULL,NULL,'','1'),(73,'2018-02-09 20:19:09','2018-02-09 20:19:11','L000000073','1','1','11','1',NULL,'fghfh','LPO1000004','Red','kotaiah','2018-02-09 00:00:00','1',NULL,NULL,'','1'),(74,'2018-02-09 20:19:09','2018-02-09 20:19:11','L000000074','1','1','11','1',NULL,'fghfh','LPO1000004','Red','kotaiah','2018-02-09 00:00:00','1',NULL,NULL,'','1'),(75,'2018-02-09 20:19:09','2018-02-09 20:19:11','L000000075','1','1','11','1',NULL,'fghfh','LPO1000004','Red','kotaiah','2018-02-09 00:00:00','1',NULL,NULL,'','1'),(76,'2018-02-09 20:19:09','2018-02-09 20:19:11','L000000076','1','1','11','1',NULL,'fghfh','LPO1000004','Red','kotaiah','2018-02-09 00:00:00','1',NULL,NULL,'','1'),(77,'2018-02-09 20:19:09','2018-02-09 20:19:11','L000000077','1','1','11','1',NULL,'fghfh','LPO1000004','Red','kotaiah','2018-02-09 00:00:00','1',NULL,NULL,'','1'),(78,'2018-02-09 20:19:09','2018-02-09 20:19:11','L000000078','1','1','11','1',NULL,'fghfh','LPO1000004','Red','kotaiah','2018-02-09 00:00:00','1',NULL,NULL,'','1'),(79,'2018-02-09 20:19:09','2018-02-09 20:19:11','L000000079','1','1','11','1',NULL,'fghfh','LPO1000004','Red','kotaiah','2018-02-09 00:00:00','1',NULL,NULL,'','1'),(80,'2018-02-09 20:19:09','2018-02-09 20:19:11','L000000080','1','1','11','1',NULL,'fghfh','LPO1000004','Red','kotaiah','2018-02-09 00:00:00','1',NULL,NULL,'','1'),(81,'2018-02-09 20:19:09','2018-02-09 20:19:11','L000000081','1','1','11','1',NULL,'fghfh','LPO1000004','Red','kotaiah','2018-02-09 00:00:00','1',NULL,NULL,'','1'),(82,'2018-02-09 20:19:09','2018-02-09 20:19:11','L000000082','1','1','11','1',NULL,'fghfh','LPO1000004','Red','kotaiah','2018-02-09 00:00:00','1',NULL,NULL,'','1'),(83,'2018-02-09 20:19:09','2018-02-09 20:19:11','L000000083','1','1','11','1',NULL,'fghfh','LPO1000004','Red','kotaiah','2018-02-09 00:00:00','1',NULL,NULL,'','1'),(84,'2018-02-09 20:19:09','2018-02-09 20:19:11','L000000084','1','1','11','1',NULL,'fghfh','LPO1000004','Red','kotaiah','2018-02-09 00:00:00','1',NULL,NULL,'','1'),(85,'2018-02-09 20:19:09','2018-02-09 20:19:11','L000000085','1','1','11','1',NULL,'fghfh','LPO1000004','Red','kotaiah','2018-02-09 00:00:00','1',NULL,NULL,'','1'),(86,'2018-02-09 20:19:09','2018-02-09 20:19:11','L000000086','1','1','11','1',NULL,'fghfh','LPO1000004','Red','kotaiah','2018-02-09 00:00:00','1',NULL,NULL,'','1'),(87,'2018-02-09 20:19:09','2018-02-09 20:19:11','L000000087','1','1','11','1',NULL,'fghfh','LPO1000004','Red','kotaiah','2018-02-09 00:00:00','1',NULL,NULL,'','1'),(88,'2018-02-09 20:19:09','2018-02-09 20:19:11','L000000088','1','1','11','1',NULL,'fghfh','LPO1000004','Red','kotaiah','2018-02-09 00:00:00','1',NULL,NULL,'','1'),(89,'2018-02-09 20:19:09','2018-02-09 20:19:11','L000000089','1','1','11','1',NULL,'fghfh','LPO1000004','Red','kotaiah','2018-02-09 00:00:00','1',NULL,NULL,'','1'),(90,'2018-02-09 20:19:09','2018-02-09 20:19:11','L000000090','1','1','11','1',NULL,'fghfh','LPO1000004','Red','kotaiah','2018-02-09 00:00:00','1',NULL,NULL,'','1'),(91,'2018-02-09 20:19:09','2018-02-09 20:19:11','L000000091','1','1','11','1',NULL,'fghfh','LPO1000004','Red','kotaiah','2018-02-09 00:00:00','1',NULL,NULL,'','1'),(92,'2018-02-09 20:19:09','2018-02-09 20:19:11','L000000092','1','1','11','1',NULL,'fghfh','LPO1000004','Red','kotaiah','2018-02-09 00:00:00','1',NULL,NULL,'','1'),(93,'2018-02-09 20:19:09','2018-02-09 20:19:11','L000000093','1','1','11','1',NULL,'fghfh','LPO1000004','Red','kotaiah','2018-02-09 00:00:00','1',NULL,NULL,'','1'),(94,'2018-02-09 20:19:09','2018-02-09 20:19:11','L000000094','1','1','11','1',NULL,'fghfh','LPO1000004','Red','kotaiah','2018-02-09 00:00:00','1',NULL,NULL,'','1'),(95,'2018-02-09 20:19:09','2018-02-09 20:19:11','L000000095','1','1','11','1',NULL,'fghfh','LPO1000004','Red','kotaiah','2018-02-09 00:00:00','1',NULL,NULL,'','1');

/*Table structure for table `cylinderstatus` */

DROP TABLE IF EXISTS `cylinderstatus`;

CREATE TABLE `cylinderstatus` (
  `id` int(11) NOT NULL AUTO_INCREMENT,
  `name` varchar(255) NOT NULL,
  `status` enum('0','1') NOT NULL,
  PRIMARY KEY (`id`),
  UNIQUE KEY `id` (`id`)
) ENGINE=InnoDB AUTO_INCREMENT=9 DEFAULT CHARSET=latin1;

/*Data for the table `cylinderstatus` */

insert  into `cylinderstatus`(`id`,`name`,`status`) values (1,'Empty','1'),(2,'FillingStation','1'),(3,'Filled','1'),(4,'QualityCheck','1'),(5,'Truck','1'),(6,'Delivered','1'),(7,'Returned','1'),(8,'MissedCylinder','1');

/*Table structure for table `cylindertransaction` */

DROP TABLE IF EXISTS `cylindertransaction`;

CREATE TABLE `cylindertransaction` (
  `id` int(11) NOT NULL AUTO_INCREMENT,
  `created_time` timestamp NULL DEFAULT NULL,
  `updated_time` timestamp NOT NULL DEFAULT CURRENT_TIMESTAMP ON UPDATE CURRENT_TIMESTAMP,
  `cylindetId` varchar(255) DEFAULT NULL,
  `cylinderStatus` varchar(255) DEFAULT NULL,
  `customerId` varchar(255) DEFAULT NULL,
  `fillingStation` varchar(255) DEFAULT NULL,
  `truckId` varchar(255) DEFAULT NULL,
  `storename` varchar(255) DEFAULT NULL,
  `createdBy` varchar(255) DEFAULT NULL,
  PRIMARY KEY (`id`)
) ENGINE=InnoDB AUTO_INCREMENT=140 DEFAULT CHARSET=utf8;

/*Data for the table `cylindertransaction` */

insert  into `cylindertransaction`(`id`,`created_time`,`updated_time`,`cylindetId`,`cylinderStatus`,`customerId`,`fillingStation`,`truckId`,`storename`,`createdBy`) values (1,'2018-01-29 16:31:55','2018-01-29 16:31:55','2','2',NULL,'1',NULL,NULL,'1'),(2,'2018-01-29 16:31:55','2018-01-29 16:31:55','3','2',NULL,'1',NULL,NULL,'1'),(3,'2018-01-29 16:31:56','2018-01-29 16:31:56','4','2',NULL,'1',NULL,NULL,'1'),(4,'2018-01-29 16:31:56','2018-01-29 16:31:56','5','2',NULL,'1',NULL,NULL,'1'),(5,'2018-01-29 17:01:45','2018-01-29 17:01:45','2','3',NULL,'1',NULL,NULL,'1'),(6,'2018-01-29 17:01:52','2018-01-29 17:01:52','3','3',NULL,'1',NULL,NULL,'1'),(7,'2018-01-31 16:14:24','2018-01-31 16:14:24','4','3',NULL,'1',NULL,NULL,'1'),(8,'2018-02-01 10:42:23','2018-02-01 10:42:23','9','2',NULL,'1',NULL,NULL,'1'),(9,'2018-02-01 10:42:38','2018-02-01 10:42:38','6','2',NULL,'1',NULL,NULL,'1'),(10,'2018-02-01 10:42:38','2018-02-01 10:42:38','7','2',NULL,'1',NULL,NULL,'1'),(11,'2018-02-01 10:42:38','2018-02-01 10:42:38','8','2',NULL,'1',NULL,NULL,'1'),(12,'2018-02-01 10:43:06','2018-02-01 10:43:06','5','3',NULL,'1',NULL,NULL,'1'),(13,'2018-02-01 10:43:07','2018-02-01 10:43:07','6','3',NULL,'1',NULL,NULL,'1'),(14,'2018-02-01 10:43:07','2018-02-01 10:43:07','7','3',NULL,'1',NULL,NULL,'1'),(15,'2018-02-01 10:43:07','2018-02-01 10:43:07','8','3',NULL,'1',NULL,NULL,'1'),(16,'2018-02-01 10:43:21','2018-02-01 10:43:21','9','3',NULL,'1',NULL,NULL,'1'),(17,'2018-02-01 10:45:00','2018-02-01 10:45:00','2','4',NULL,'1',NULL,NULL,'1'),(18,'2018-02-01 10:45:00','2018-02-01 10:45:00','3','4',NULL,'1',NULL,NULL,'1'),(19,'2018-02-01 10:45:00','2018-02-01 10:45:00','4','4',NULL,'1',NULL,NULL,'1'),(20,'2018-02-01 10:45:00','2018-02-01 10:45:00','5','4',NULL,'1',NULL,NULL,'1'),(21,'2018-02-01 10:45:00','2018-02-01 10:45:00','6','4',NULL,'1',NULL,NULL,'1'),(22,'2018-02-01 10:45:00','2018-02-01 10:45:00','7','4',NULL,'1',NULL,NULL,'1'),(23,'2018-02-01 10:45:01','2018-02-01 10:45:01','8','4',NULL,'1',NULL,NULL,'1'),(24,'2018-02-01 10:45:17','2018-02-01 10:45:17','9','4',NULL,'1',NULL,NULL,'1'),(25,'2018-02-01 10:45:38','2018-02-01 10:45:38','2','5',NULL,NULL,'1',NULL,'1'),(26,'2018-02-01 10:45:38','2018-02-01 10:45:38','3','5',NULL,NULL,'1',NULL,'1'),(27,'2018-02-01 10:45:38','2018-02-01 10:45:38','4','5',NULL,NULL,'1',NULL,'1'),(28,'2018-02-01 10:45:38','2018-02-01 10:45:38','5','5',NULL,NULL,'1',NULL,'1'),(29,'2018-02-01 10:45:38','2018-02-01 10:45:38','6','5',NULL,NULL,'1',NULL,'1'),(30,'2018-02-01 10:45:38','2018-02-01 10:45:38','7','5',NULL,NULL,'1',NULL,'1'),(31,'2018-02-01 10:45:38','2018-02-01 10:45:38','8','5',NULL,NULL,'1',NULL,'1'),(32,'2018-02-01 10:48:09','2018-02-01 10:48:09','1','6','1',NULL,NULL,NULL,NULL),(33,'2018-02-01 10:59:28','2018-02-01 10:59:28','2','6','1',NULL,NULL,NULL,NULL),(34,'2018-02-01 11:02:55','2018-02-01 11:02:55','3','6','1',NULL,NULL,NULL,NULL),(35,'2018-02-01 11:03:25','2018-02-01 11:03:25','4','6','1',NULL,NULL,NULL,NULL),(36,'2018-02-01 11:03:25','2018-02-01 11:03:25','5','6','1',NULL,NULL,NULL,NULL),(37,'2018-02-01 11:03:25','2018-02-01 11:03:25','6','6','1',NULL,NULL,NULL,NULL),(38,'2018-02-01 11:03:25','2018-02-01 11:03:25','7','6','1',NULL,NULL,NULL,NULL),(39,'2018-02-01 11:07:19','2018-02-01 11:07:19','6','7','1',NULL,NULL,NULL,NULL),(40,'2018-02-01 11:07:19','2018-02-01 11:07:19','7','7','1',NULL,NULL,NULL,NULL),(41,'2018-02-01 11:12:05','2018-02-01 11:12:05','3','7','1',NULL,NULL,NULL,NULL),(42,'2018-02-01 11:20:03','2018-02-01 11:20:03','8','6','1',NULL,NULL,NULL,NULL),(43,'2018-02-01 11:20:03','2018-02-01 11:20:03','4','7','1',NULL,NULL,NULL,NULL),(44,'2018-02-01 11:20:03','2018-02-01 11:20:03','5','7','1',NULL,NULL,NULL,NULL),(45,'2018-02-01 11:49:48','2018-02-01 11:49:48','8','7','1',NULL,NULL,NULL,NULL),(46,'2018-02-01 12:08:32','2018-02-01 12:08:32','2','7','1',NULL,NULL,NULL,NULL),(47,'2018-02-01 15:14:39','2018-02-01 15:14:39','1','7','1',NULL,NULL,NULL,NULL),(48,'2018-02-02 14:54:33','2018-02-02 14:54:33','1','1',NULL,NULL,NULL,'1','1'),(49,'2018-02-02 14:54:34','2018-02-02 14:54:34','2','1',NULL,NULL,NULL,'1','1'),(50,'2018-02-02 14:54:34','2018-02-02 14:54:34','3','1',NULL,NULL,NULL,'1','1'),(51,'2018-02-02 14:54:34','2018-02-02 14:54:34','4','1',NULL,NULL,NULL,'1','1'),(52,'2018-02-02 14:54:34','2018-02-02 14:54:34','5','1',NULL,NULL,NULL,'1','1'),(53,'2018-02-02 14:54:34','2018-02-02 14:54:34','6','1',NULL,NULL,NULL,'1','1'),(54,'2018-02-02 14:54:34','2018-02-02 14:54:34','7','1',NULL,NULL,NULL,'1','1'),(55,'2018-02-02 14:54:35','2018-02-02 14:54:35','8','1',NULL,NULL,NULL,'1','1'),(56,'2018-02-02 14:54:57','2018-02-02 14:54:57','1','2',NULL,'1',NULL,NULL,'1'),(57,'2018-02-02 14:54:58','2018-02-02 14:54:58','2','2',NULL,'1',NULL,NULL,'1'),(58,'2018-02-02 14:54:58','2018-02-02 14:54:58','3','2',NULL,'1',NULL,NULL,'1'),(59,'2018-02-02 14:54:58','2018-02-02 14:54:58','4','2',NULL,'1',NULL,NULL,'1'),(60,'2018-02-02 14:54:58','2018-02-02 14:54:58','5','2',NULL,'1',NULL,NULL,'1'),(61,'2018-02-02 14:54:58','2018-02-02 14:54:58','6','2',NULL,'1',NULL,NULL,'1'),(62,'2018-02-02 14:54:58','2018-02-02 14:54:58','7','2',NULL,'1',NULL,NULL,'1'),(63,'2018-02-02 14:54:58','2018-02-02 14:54:58','8','2',NULL,'1',NULL,NULL,'1'),(64,'2018-02-02 14:55:12','2018-02-02 14:55:12','1','3',NULL,'1',NULL,NULL,'1'),(65,'2018-02-02 14:55:12','2018-02-02 14:55:12','2','3',NULL,'1',NULL,NULL,'1'),(66,'2018-02-02 14:55:12','2018-02-02 14:55:12','3','3',NULL,'1',NULL,NULL,'1'),(67,'2018-02-02 14:55:13','2018-02-02 14:55:13','4','3',NULL,'1',NULL,NULL,'1'),(68,'2018-02-02 14:55:13','2018-02-02 14:55:13','5','3',NULL,'1',NULL,NULL,'1'),(69,'2018-02-02 14:55:13','2018-02-02 14:55:13','6','3',NULL,'1',NULL,NULL,'1'),(70,'2018-02-02 14:55:13','2018-02-02 14:55:13','7','3',NULL,'1',NULL,NULL,'1'),(71,'2018-02-02 14:55:14','2018-02-02 14:55:14','8','3',NULL,'1',NULL,NULL,'1'),(72,'2018-02-02 14:55:26','2018-02-02 14:55:26','1','4',NULL,'1',NULL,NULL,'1'),(73,'2018-02-02 14:55:26','2018-02-02 14:55:26','2','4',NULL,'1',NULL,NULL,'1'),(74,'2018-02-02 14:55:26','2018-02-02 14:55:26','3','4',NULL,'1',NULL,NULL,'1'),(75,'2018-02-02 14:55:27','2018-02-02 14:55:27','4','4',NULL,'1',NULL,NULL,'1'),(76,'2018-02-02 14:55:27','2018-02-02 14:55:27','5','4',NULL,'1',NULL,NULL,'1'),(77,'2018-02-02 14:55:27','2018-02-02 14:55:27','6','4',NULL,'1',NULL,NULL,'1'),(78,'2018-02-02 14:55:27','2018-02-02 14:55:27','7','4',NULL,'1',NULL,NULL,'1'),(79,'2018-02-02 14:55:28','2018-02-02 14:55:28','8','4',NULL,'1',NULL,NULL,'1'),(80,'2018-02-02 14:56:13','2018-02-02 14:56:13','1','5',NULL,NULL,'1',NULL,'1'),(81,'2018-02-02 14:56:14','2018-02-02 14:56:14','2','5',NULL,NULL,'1',NULL,'1'),(82,'2018-02-02 14:56:14','2018-02-02 14:56:14','3','5',NULL,NULL,'1',NULL,'1'),(83,'2018-02-02 14:56:14','2018-02-02 14:56:14','4','5',NULL,NULL,'1',NULL,'1'),(84,'2018-02-02 14:56:14','2018-02-02 14:56:14','5','5',NULL,NULL,'1',NULL,'1'),(85,'2018-02-02 14:56:14','2018-02-02 14:56:14','6','5',NULL,NULL,'1',NULL,'1'),(86,'2018-02-02 14:56:14','2018-02-02 14:56:14','7','5',NULL,NULL,'1',NULL,'1'),(87,'2018-02-02 14:56:14','2018-02-02 14:56:14','8','5',NULL,NULL,'1',NULL,'1'),(88,'2018-02-02 15:03:51','2018-02-02 15:03:51','1','6','1',NULL,NULL,NULL,NULL),(89,'2018-02-02 15:13:25','2018-02-02 15:13:25','2','6','1',NULL,NULL,NULL,NULL),(90,'2018-02-02 15:21:24','2018-02-02 15:21:24','3','6','1',NULL,NULL,NULL,NULL),(91,'2018-02-02 15:39:51','2018-02-02 15:39:51','4','6','1',NULL,NULL,NULL,NULL),(92,'2018-02-03 11:27:11','2018-02-03 11:27:11','5','6','1',NULL,NULL,NULL,NULL),(93,'2018-02-03 11:31:58','2018-02-03 11:31:58','6','6','1',NULL,NULL,NULL,NULL),(94,'2018-02-03 11:35:00','2018-02-03 11:35:00','7','6','1',NULL,NULL,NULL,NULL),(95,'2018-02-03 14:51:45','2018-02-03 14:51:45','8','6','1',NULL,NULL,NULL,NULL),(96,'2018-02-03 14:57:49','2018-02-03 14:57:49','1','6','1',NULL,NULL,NULL,NULL),(97,'2018-02-03 14:58:11','2018-02-03 14:58:11','2','6','1',NULL,NULL,NULL,NULL),(98,'2018-02-03 15:01:41','2018-02-03 15:01:41','3','6','1',NULL,NULL,NULL,NULL),(99,'2018-02-03 15:01:41','2018-02-03 15:01:41','4','6','1',NULL,NULL,NULL,NULL),(100,'2018-02-03 15:08:26','2018-02-03 15:08:26','5','6','1',NULL,NULL,NULL,NULL),(101,'2018-02-03 15:08:26','2018-02-03 15:08:26','6','6','1',NULL,NULL,NULL,NULL),(102,'2018-02-03 15:08:26','2018-02-03 15:08:26','7','6','1',NULL,NULL,NULL,NULL),(103,'2018-02-03 15:08:26','2018-02-03 15:08:26','8','6','1',NULL,NULL,NULL,NULL),(104,'2018-02-05 15:17:20','2018-02-05 15:17:20','7','7','1',NULL,NULL,NULL,NULL),(105,'2018-02-05 15:17:20','2018-02-05 15:17:20','8','7','1',NULL,NULL,NULL,NULL),(106,'2018-02-05 15:20:05','2018-02-05 15:20:05','1','6','1',NULL,NULL,NULL,NULL),(107,'2018-02-05 15:20:05','2018-02-05 15:20:05','2','6','1',NULL,NULL,NULL,NULL),(108,'2018-02-05 15:20:05','2018-02-05 15:20:05','3','6','1',NULL,NULL,NULL,NULL),(109,'2018-02-05 15:20:05','2018-02-05 15:20:05','4','6','1',NULL,NULL,NULL,NULL),(110,'2018-02-05 16:22:32','2018-02-05 16:22:32','5','6','1',NULL,NULL,NULL,NULL),(111,'2018-02-05 16:22:32','2018-02-05 16:22:32','6','6','1',NULL,NULL,NULL,NULL),(112,'2018-02-05 16:22:32','2018-02-05 16:22:32','3','7','1',NULL,NULL,NULL,NULL),(113,'2018-02-05 16:22:32','2018-02-05 16:22:32','4','7','1',NULL,NULL,NULL,NULL),(114,'2018-02-05 16:27:28','2018-02-05 16:27:28','7','6','1',NULL,NULL,NULL,NULL),(115,'2018-02-05 16:27:28','2018-02-05 16:27:28','8','6','1',NULL,NULL,NULL,NULL),(116,'2018-02-05 16:27:28','2018-02-05 16:27:28','5','7','1',NULL,NULL,NULL,NULL),(117,'2018-02-05 16:27:28','2018-02-05 16:27:28','6','7','1',NULL,NULL,NULL,NULL),(118,'2018-02-05 16:44:21','2018-02-05 16:44:21','1','6','1',NULL,NULL,NULL,NULL),(119,'2018-02-05 16:44:21','2018-02-05 16:44:21','2','6','1',NULL,NULL,NULL,NULL),(120,'2018-02-05 16:44:21','2018-02-05 16:44:21','3','6','1',NULL,NULL,NULL,NULL),(121,'2018-02-05 16:44:21','2018-02-05 16:44:21','4','6','1',NULL,NULL,NULL,NULL),(122,'2018-02-05 16:44:21','2018-02-05 16:44:21','7','7','1',NULL,NULL,NULL,NULL),(123,'2018-02-05 16:44:21','2018-02-05 16:44:21','8','7','1',NULL,NULL,NULL,NULL),(124,'2018-02-05 16:55:49','2018-02-05 16:55:49','5','6','1',NULL,NULL,NULL,NULL),(125,'2018-02-05 16:55:49','2018-02-05 16:55:49','6','6','1',NULL,NULL,NULL,NULL),(126,'2018-02-05 16:55:49','2018-02-05 16:55:49','3','7','1',NULL,NULL,NULL,NULL),(127,'2018-02-05 16:55:49','2018-02-05 16:55:49','4','7','1',NULL,NULL,NULL,NULL),(128,'2018-02-05 17:03:27','2018-02-05 17:03:27','1','6','1',NULL,NULL,NULL,NULL),(129,'2018-02-05 17:03:27','2018-02-05 17:03:27','2','6','1',NULL,NULL,NULL,NULL),(130,'2018-02-05 17:03:27','2018-02-05 17:03:27','3','6','1',NULL,NULL,NULL,NULL),(131,'2018-02-05 17:03:27','2018-02-05 17:03:27','4','6','1',NULL,NULL,NULL,NULL),(132,'2018-02-05 17:57:23','2018-02-05 17:57:23','5','6','1',NULL,NULL,NULL,NULL),(133,'2018-02-05 17:57:23','2018-02-05 17:57:23','6','6','1',NULL,NULL,NULL,NULL),(134,'2018-02-05 18:02:28','2018-02-05 18:02:28','7','6','1',NULL,NULL,NULL,NULL),(135,'2018-02-05 18:02:28','2018-02-05 18:02:28','8','6','1',NULL,NULL,NULL,NULL),(136,'2018-02-10 10:56:49','2018-02-10 10:56:49','1','6','1',NULL,NULL,NULL,NULL),(137,'2018-02-10 10:56:49','2018-02-10 10:56:49','2','6','1',NULL,NULL,NULL,NULL),(138,'2018-02-10 11:06:15','2018-02-10 11:06:15','6','7','1',NULL,NULL,NULL,NULL),(139,'2018-02-10 11:06:15','2018-02-10 11:06:15','7','7','1',NULL,NULL,NULL,NULL);

/*Table structure for table `cylindertypes` */

DROP TABLE IF EXISTS `cylindertypes`;

CREATE TABLE `cylindertypes` (
  `id` int(11) NOT NULL AUTO_INCREMENT,
  `created_time` timestamp NULL DEFAULT NULL,
  `updated_time` timestamp NOT NULL DEFAULT CURRENT_TIMESTAMP ON UPDATE CURRENT_TIMESTAMP,
  `name` varchar(255) DEFAULT NULL,
  `capacity` varchar(255) DEFAULT NULL,
  `amount` varchar(255) DEFAULT NULL,
  PRIMARY KEY (`id`)
) ENGINE=InnoDB AUTO_INCREMENT=4 DEFAULT CHARSET=latin1;

/*Data for the table `cylindertypes` */

insert  into `cylindertypes`(`id`,`created_time`,`updated_time`,`name`,`capacity`,`amount`) values (1,'2017-11-27 15:07:06','2017-12-01 14:10:43','Small - 11KG','11',NULL),(2,'2017-11-27 15:07:06','2017-12-01 12:31:13','Medium - 22KG','22',NULL),(3,'2017-11-27 15:07:06','2017-12-01 12:31:23','Large - 44KG','44',NULL);

/*Table structure for table `expensetracker` */

DROP TABLE IF EXISTS `expensetracker`;

CREATE TABLE `expensetracker` (
  `id` int(11) NOT NULL AUTO_INCREMENT,
  `amount` varchar(200) DEFAULT NULL,
  `accountHead` varchar(255) DEFAULT NULL,
  `dateOfExpense` varchar(255) DEFAULT NULL,
  `itemDescription` varchar(255) DEFAULT NULL,
  `paymentType` varchar(255) DEFAULT NULL,
  `paymentRemarks` varchar(255) DEFAULT NULL,
  `created_time` timestamp NULL DEFAULT NULL,
  `updated_time` timestamp NULL DEFAULT CURRENT_TIMESTAMP,
  `status` varchar(255) DEFAULT NULL,
  PRIMARY KEY (`id`)
) ENGINE=InnoDB AUTO_INCREMENT=2 DEFAULT CHARSET=latin1;

/*Data for the table `expensetracker` */

insert  into `expensetracker`(`id`,`amount`,`accountHead`,`dateOfExpense`,`itemDescription`,`paymentType`,`paymentRemarks`,`created_time`,`updated_time`,`status`) values (1,'666','Miscellaneous','20-Jan-2018','tyutuy','Check','tutyu','2018-01-20 11:15:33','2018-01-20 11:15:33','1');

/*Table structure for table `fillingstationmaster` */

DROP TABLE IF EXISTS `fillingstationmaster`;

CREATE TABLE `fillingstationmaster` (
  `id` int(11) NOT NULL AUTO_INCREMENT,
  `created_time` timestamp NULL DEFAULT NULL,
  `updated_time` timestamp NOT NULL DEFAULT CURRENT_TIMESTAMP ON UPDATE CURRENT_TIMESTAMP,
  `gasavailability` varchar(255) DEFAULT '0',
  `numberoffillingmachines` varchar(255) DEFAULT NULL,
  `quantity` varchar(255) DEFAULT NULL,
  `gascapacity` varchar(255) DEFAULT NULL,
  `usedGas` varchar(255) DEFAULT '0',
  `closingBalanceGas` varchar(255) DEFAULT '0',
  `unitpoint` varchar(255) DEFAULT NULL,
  `stationname` varchar(255) DEFAULT NULL,
  `status` varchar(255) DEFAULT NULL,
  PRIMARY KEY (`id`)
) ENGINE=InnoDB AUTO_INCREMENT=3 DEFAULT CHARSET=latin1;

/*Data for the table `fillingstationmaster` */

insert  into `fillingstationmaster`(`id`,`created_time`,`updated_time`,`gasavailability`,`numberoffillingmachines`,`quantity`,`gascapacity`,`usedGas`,`closingBalanceGas`,`unitpoint`,`stationname`,`status`) values (1,'2018-01-29 16:30:34','2018-02-02 14:55:14','443','44','444','44','671','-228','sdsd','sdsd','1'),(2,'2018-01-29 16:36:52','2018-01-29 16:36:52','34543','45','456456','4564','0','34543','sdfsdf','sdfsdf','1');

/*Table structure for table `invoicedata` */

DROP TABLE IF EXISTS `invoicedata`;

CREATE TABLE `invoicedata` (
  `id` int(11) NOT NULL AUTO_INCREMENT,
  `created_time` timestamp NULL DEFAULT NULL,
  `updated_time` timestamp NOT NULL DEFAULT CURRENT_TIMESTAMP ON UPDATE CURRENT_TIMESTAMP,
  `payedAmount` varchar(500) DEFAULT '0',
  `dueAmount` varchar(500) DEFAULT '0',
  `netAmount` varchar(500) DEFAULT '0',
  `previousDueAmount` varchar(500) DEFAULT '0',
  `cid` varchar(500) DEFAULT NULL,
  `invoiceId` varchar(500) DEFAULT NULL,
  PRIMARY KEY (`id`)
) ENGINE=InnoDB AUTO_INCREMENT=23 DEFAULT CHARSET=utf8;

/*Data for the table `invoicedata` */

insert  into `invoicedata`(`id`,`created_time`,`updated_time`,`payedAmount`,`dueAmount`,`netAmount`,`previousDueAmount`,`cid`,`invoiceId`) values (1,'2018-02-01 15:14:48','2018-02-01 15:14:48',NULL,'29671','29671','0','1','Z0T3Q'),(2,'2018-02-02 15:03:57','2018-02-02 15:03:57',NULL,'35610','35609.8','0',NULL,'7I3PS'),(3,'2018-02-02 15:13:28','2018-02-02 15:13:28',NULL,'41549','41548.8','0',NULL,'BOCU9'),(4,'2018-02-02 15:21:28','2018-02-02 15:21:28',NULL,'47488','47487.8','0',NULL,'MYS8Y'),(5,'2018-02-02 15:39:52','2018-02-02 15:39:52','800','53427','53426.8','0',NULL,'13OTX'),(6,'2018-02-02 15:43:08','2018-02-02 15:43:08','800','52627','53427','53427',NULL,'6L889'),(7,'2018-02-03 11:27:16','2018-02-03 11:27:16','100','58466','58565.8','52627',NULL,'TW6PS'),(8,'2018-02-03 11:31:59','2018-02-03 11:31:59','100','64305','64404.8','58466',NULL,'0DRFA'),(9,'2018-02-03 11:35:02','2018-02-03 11:35:02','100','70144','70243.8','64305',NULL,'6CV9O'),(10,'2018-02-03 14:51:45','2018-02-03 14:51:45',NULL,'87960','87960.4','70144',NULL,'F5DPI'),(11,'2018-02-03 14:58:17','2018-02-03 14:58:17',NULL,'99838','99837.6','87960',NULL,'UBW61'),(12,'2018-02-03 15:01:41','2018-02-03 15:01:41',NULL,'111716','111715.6','99838',NULL,'GSNCY'),(13,'2018-02-03 15:08:26','2018-02-03 15:08:26',NULL,'135471','135471.2','111716',NULL,'BDZTA'),(14,'2018-02-05 15:17:21','2018-02-05 15:17:21',NULL,'135471','135471','135471','7\',\'8','H1UK1'),(15,'2018-02-05 15:20:05','2018-02-05 15:20:05','2000','154851','156850.68','135471',NULL,'V96OP'),(16,'2018-02-05 16:22:38','2018-02-05 16:22:38','20000','146729','166728.6','154851','3\',\'4','G0S4X'),(17,'2018-02-05 16:27:29','2018-02-05 16:27:29','100','170384','170484.2','146729','5\',\'6','WV7E9'),(18,'2018-02-05 16:44:21','2018-02-05 16:44:21','100','194039','194139.2','170384','7\',\'8','2IW6T'),(19,'2018-02-05 16:55:50','2018-02-05 16:55:50','1000','216794','217794.2','194039','3\',\'4','N0VAR'),(20,'2018-02-05 17:03:27','2018-02-05 17:03:27','100','240449','240549.2','216794',NULL,'92SZ1'),(21,'2018-02-05 17:57:23','2018-02-05 17:57:23','100','252227','252326.6','240449',NULL,'0WZJU'),(22,'2018-02-05 18:02:28','2018-02-05 18:02:28','100','275882','275982.2','252227',NULL,'5FVTP');

/*Table structure for table `items` */

DROP TABLE IF EXISTS `items`;

CREATE TABLE `items` (
  `id` int(11) NOT NULL AUTO_INCREMENT,
  `createdtime` timestamp NULL DEFAULT NULL,
  `updatedtime` timestamp NOT NULL DEFAULT CURRENT_TIMESTAMP,
  `name` varchar(255) DEFAULT NULL,
  `description` varchar(955) DEFAULT NULL,
  `price` varchar(255) DEFAULT NULL,
  `discount` varchar(255) DEFAULT NULL,
  `itemType` varchar(255) DEFAULT NULL,
  `status` varchar(255) DEFAULT NULL,
  PRIMARY KEY (`id`)
) ENGINE=InnoDB AUTO_INCREMENT=4 DEFAULT CHARSET=latin1;

/*Data for the table `items` */

insert  into `items`(`id`,`createdtime`,`updatedtime`,`name`,`description`,`price`,`discount`,`itemType`,`status`) values (1,'2018-01-13 13:27:09','2018-01-13 13:27:09','Large -44 kg','dghdfh','5',NULL,'Cylinder','1'),(2,'2018-01-13 13:28:07','2018-01-13 13:28:07','Small - 11KG','fhfhg','6565',NULL,'Cylinder','1'),(3,'2018-01-23 10:29:57','2018-01-23 10:29:57','Truck1','','6000',NULL,'Truck','1');

/*Table structure for table `khaibar_users` */

DROP TABLE IF EXISTS `khaibar_users`;

CREATE TABLE `khaibar_users` (
  `id` int(11) NOT NULL AUTO_INCREMENT,
  `created_time` timestamp NULL DEFAULT NULL,
  `updated_time` timestamp NOT NULL DEFAULT CURRENT_TIMESTAMP ON UPDATE CURRENT_TIMESTAMP,
  `userName` varchar(255) DEFAULT NULL,
  `password` varchar(255) DEFAULT NULL,
  `roleId` varchar(255) DEFAULT NULL,
  `status` varchar(255) DEFAULT NULL,
  PRIMARY KEY (`id`)
) ENGINE=InnoDB AUTO_INCREMENT=3 DEFAULT CHARSET=latin1;

/*Data for the table `khaibar_users` */

insert  into `khaibar_users`(`id`,`created_time`,`updated_time`,`userName`,`password`,`roleId`,`status`) values (1,NULL,'2017-11-24 17:18:09','admin','admin','1','1'),(2,NULL,'2017-12-28 17:31:53','user','user','2','1');

/*Table structure for table `lpoitems` */

DROP TABLE IF EXISTS `lpoitems`;

CREATE TABLE `lpoitems` (
  `id` int(11) NOT NULL AUTO_INCREMENT,
  `createdtime` timestamp NULL DEFAULT NULL,
  `updated_time` timestamp NOT NULL DEFAULT CURRENT_TIMESTAMP ON UPDATE CURRENT_TIMESTAMP,
  `itemid` varchar(255) DEFAULT NULL,
  `lponumber` varchar(255) DEFAULT NULL,
  `quantity` varchar(255) DEFAULT NULL,
  `price` varchar(255) DEFAULT NULL,
  `totalprice` varchar(255) DEFAULT NULL,
  `discount` varchar(255) DEFAULT NULL,
  `grandtotal` varchar(255) DEFAULT NULL,
  `manufacturingdate` varchar(255) DEFAULT NULL,
  `expirydate` varchar(255) DEFAULT NULL,
  PRIMARY KEY (`id`)
) ENGINE=InnoDB AUTO_INCREMENT=10 DEFAULT CHARSET=latin1;

/*Data for the table `lpoitems` */

insert  into `lpoitems`(`id`,`createdtime`,`updated_time`,`itemid`,`lponumber`,`quantity`,`price`,`totalprice`,`discount`,`grandtotal`,`manufacturingdate`,`expirydate`) values (2,'2018-01-23 10:40:32','2018-01-23 10:40:32','1','LPO1000001','4','4','16.00','0.00','16.00','',''),(3,'2018-01-23 10:40:32','2018-01-23 10:40:32','3','LPO1000001','44','44','1936.00','0.00','1936.00','',''),(4,'2018-01-26 11:49:46','2018-01-26 11:49:46','1','LPO1000002','44','44','1936.00','0.00','1936.00','',''),(5,'2018-01-26 11:49:46','2018-01-26 11:49:46','2','LPO1000002','66','55','3630.00','0.00','3630.00','',''),(6,'2018-01-26 13:31:01','2018-01-26 13:31:01','1','LPO1000003','5','5','25.00','0.00','25.00','',''),(7,'2018-01-26 13:31:01','2018-01-26 13:31:01','2','LPO1000003','5','5','25.00','0.00','25.00','',''),(8,'2018-02-01 10:35:28','2018-02-01 10:35:28','1','LPO1000004','44','333','14652.00','0.00','14652.00','',''),(9,'2018-02-01 10:35:28','2018-02-01 10:35:28','2','LPO1000004','333','33','10989.00','0.00','10989.00','','');

/*Table structure for table `lpomaster` */

DROP TABLE IF EXISTS `lpomaster`;

CREATE TABLE `lpomaster` (
  `id` int(11) NOT NULL AUTO_INCREMENT,
  `created_time` timestamp NULL DEFAULT NULL,
  `updated_time` timestamp NOT NULL DEFAULT CURRENT_TIMESTAMP ON UPDATE CURRENT_TIMESTAMP,
  `lponumber` varchar(255) DEFAULT NULL,
  `item` varchar(255) DEFAULT NULL,
  `remarks` varchar(255) DEFAULT NULL,
  `suppliername` varchar(255) DEFAULT NULL,
  `supplieraddress` varchar(255) DEFAULT NULL,
  `suppliercontactno` varchar(255) DEFAULT NULL,
  `supplieremail` varchar(255) DEFAULT NULL,
  `amount` varchar(255) DEFAULT NULL,
  `paidamount` varchar(255) DEFAULT NULL,
  `dueamount` varchar(255) DEFAULT NULL,
  `expiryDate` timestamp NULL DEFAULT NULL,
  `status` varchar(255) DEFAULT NULL,
  PRIMARY KEY (`id`)
) ENGINE=InnoDB AUTO_INCREMENT=5 DEFAULT CHARSET=latin1;

/*Data for the table `lpomaster` */

insert  into `lpomaster`(`id`,`created_time`,`updated_time`,`lponumber`,`item`,`remarks`,`suppliername`,`supplieraddress`,`suppliercontactno`,`supplieremail`,`amount`,`paidamount`,`dueamount`,`expiryDate`,`status`) values (1,'2018-01-13 13:27:32','2018-01-23 10:40:31','LPO1000001','','','dfghdfgh','dfgdfgdhg','9010410484','dfh','1952','','1952',NULL,'1'),(2,'2018-01-26 11:49:46','2018-01-26 11:49:46','LPO1000002','','','sdsd','sdsd','3453453543543','sdsf','5566','','5566',NULL,'1'),(3,'2018-01-26 13:31:01','2018-01-26 13:31:01','LPO1000003','','','dfgdfg','dfgdfg','4556465','fghgh','50','','50',NULL,'1'),(4,'2018-02-01 10:35:28','2018-02-01 10:35:28','LPO1000004','','','kotaiah','aaaa','999999999','koti@gmail.com','25641','','25641',NULL,'1');

/*Table structure for table `months1` */

DROP TABLE IF EXISTS `months1`;

CREATE TABLE `months1` (
  `id` int(11) NOT NULL,
  `name` varchar(255) DEFAULT NULL,
  PRIMARY KEY (`id`)
) ENGINE=InnoDB DEFAULT CHARSET=latin1;

/*Data for the table `months1` */

insert  into `months1`(`id`,`name`) values (1,'January'),(2,'February'),(3,'March'),(4,'April'),(5,'May'),(6,'June'),(7,'July'),(8,'August'),(9,'September'),(10,'October'),(11,'November'),(12,'December');

/*Table structure for table `printdata` */

DROP TABLE IF EXISTS `printdata`;

CREATE TABLE `printdata` (
  `id` int(11) NOT NULL AUTO_INCREMENT,
  `created_time` timestamp NULL DEFAULT NULL,
  `updated_time` timestamp NOT NULL DEFAULT CURRENT_TIMESTAMP ON UPDATE CURRENT_TIMESTAMP,
  `items` varchar(255) DEFAULT NULL,
  `quantity` varchar(255) DEFAULT NULL,
  `price` varchar(255) DEFAULT NULL,
  `totalamount` varchar(255) DEFAULT NULL,
  `discount` varchar(255) DEFAULT NULL,
  `netamount` varchar(255) DEFAULT NULL,
  `totalnetamount` varchar(255) DEFAULT NULL,
  `vatamount` varchar(255) DEFAULT NULL,
  `paidamount` varchar(255) DEFAULT NULL,
  `dueamount` varchar(255) DEFAULT NULL,
  `grossamount` varchar(255) DEFAULT NULL,
  `previousdueamount` varchar(255) DEFAULT NULL,
  `invoiceid` varchar(255) DEFAULT NULL,
  `customerid` varchar(255) DEFAULT NULL,
  `returncylinderinvoice` varchar(255) DEFAULT NULL,
  `cylinderDeliverTruck` varchar(255) DEFAULT NULL,
  `cylinderReturnTruck` varchar(20) DEFAULT NULL,
  `cylinderId` varchar(20) DEFAULT NULL,
  PRIMARY KEY (`id`)
) ENGINE=InnoDB AUTO_INCREMENT=18 DEFAULT CHARSET=latin1;

/*Data for the table `printdata` */

insert  into `printdata`(`id`,`created_time`,`updated_time`,`items`,`quantity`,`price`,`totalamount`,`discount`,`netamount`,`totalnetamount`,`vatamount`,`paidamount`,`dueamount`,`grossamount`,`previousdueamount`,`invoiceid`,`customerid`,`returncylinderinvoice`,`cylinderDeliverTruck`,`cylinderReturnTruck`,`cylinderId`) values (7,'2018-02-05 16:44:21','2018-02-05 16:49:59','1','2','5656','11312.00','0','11312.00','194139.2',NULL,'100','194039','194139','170384','2IW6T','1',NULL,NULL,NULL,NULL),(8,'2018-02-05 16:44:21','2018-02-05 16:50:01','1','2','5656','11312.00','0','11312.00','194139.2',NULL,'100','194039','194139','170384','2IW6T','1',NULL,NULL,NULL,NULL),(9,'2018-02-05 16:55:49','2018-02-05 16:59:13','1','2','5656','11312.00','0','11312.00','217794.2','1131','1000','216794','217794','194039','N0VAR','1',NULL,NULL,NULL,NULL),(10,'2018-02-05 16:55:49','2018-02-05 16:59:15','1','2','5656','11312.00','0','11312.00','217794.2','1131','1000','216794','217794','194039','N0VAR','1',NULL,NULL,NULL,NULL),(11,'2018-02-05 17:03:27','2018-02-05 17:03:27','1','2','5656','11312.00','0','11312.00','240549.2','1131','100','240449','240549','216794','92SZ1','1',NULL,NULL,NULL,NULL),(12,'2018-02-05 17:03:27','2018-02-05 17:03:27','1','2','5656','11312.00','0','11312.00','240549.2','1131','100','240449','240549','216794','92SZ1','1',NULL,NULL,NULL,NULL),(13,'2018-02-05 17:57:23','2018-02-05 17:57:23','1','1','5656','5656.00','0','5656.00','252326.6','566','100','252227','252327','240449','0WZJU','1',NULL,NULL,NULL,NULL),(14,'2018-02-05 17:57:23','2018-02-05 17:57:23','1','1','5656','5656.00','0','5656.00','252326.6','566','100','252227','252327','240449','0WZJU','1',NULL,NULL,NULL,NULL),(15,'2018-02-05 18:02:28','2018-02-05 18:02:28','1','2','5656','11312.00','0','11312.00','22624','1131','100','275882','275982','252227','5FVTP','1',NULL,NULL,NULL,NULL),(16,'2018-02-05 18:02:28','2018-02-05 18:02:28','1','2','5656','11312.00','0','11312.00','22624','1131','100','275882','275982','252227','5FVTP','1',NULL,NULL,NULL,NULL),(17,'2018-02-10 10:56:48','2018-02-10 10:56:48','1','2','5656','11312.00','0','11312.00','11312','566','1000','286760','287760','275882','MOGBR','1',NULL,NULL,NULL,NULL);

/*Table structure for table `roles` */

DROP TABLE IF EXISTS `roles`;

CREATE TABLE `roles` (
  `id` int(11) NOT NULL AUTO_INCREMENT,
  `created_time` timestamp NULL DEFAULT NULL,
  `updated_time` timestamp NOT NULL DEFAULT CURRENT_TIMESTAMP ON UPDATE CURRENT_TIMESTAMP,
  `name` varchar(255) DEFAULT NULL,
  `status` varchar(255) DEFAULT NULL,
  PRIMARY KEY (`id`)
) ENGINE=InnoDB DEFAULT CHARSET=latin1;

/*Data for the table `roles` */

/*Table structure for table `staffmaster` */

DROP TABLE IF EXISTS `staffmaster`;

CREATE TABLE `staffmaster` (
  `id` int(11) NOT NULL AUTO_INCREMENT,
  `created_time` timestamp NULL DEFAULT NULL,
  `updated_time` timestamp NOT NULL DEFAULT CURRENT_TIMESTAMP ON UPDATE CURRENT_TIMESTAMP,
  `staffcode` varchar(255) DEFAULT NULL,
  `staffno` varchar(255) DEFAULT NULL,
  `designation` varchar(255) DEFAULT NULL,
  `nationality` varchar(255) DEFAULT NULL,
  `firstname` varchar(255) DEFAULT NULL,
  `lastname` varchar(255) DEFAULT NULL,
  `mobile` varchar(255) DEFAULT NULL,
  `customertype` varchar(255) DEFAULT NULL,
  `documents` varchar(255) DEFAULT NULL,
  `active` varchar(255) DEFAULT NULL,
  `status` varchar(255) DEFAULT NULL,
  PRIMARY KEY (`id`)
) ENGINE=InnoDB DEFAULT CHARSET=latin1;

/*Data for the table `staffmaster` */

/*Table structure for table `storesmaster` */

DROP TABLE IF EXISTS `storesmaster`;

CREATE TABLE `storesmaster` (
  `id` int(11) NOT NULL AUTO_INCREMENT,
  `created_time` timestamp NULL DEFAULT NULL,
  `updated_time` timestamp NOT NULL DEFAULT CURRENT_TIMESTAMP ON UPDATE CURRENT_TIMESTAMP,
  `storeid` varchar(255) DEFAULT NULL,
  `storename` varchar(255) DEFAULT NULL,
  `location` varchar(255) DEFAULT NULL,
  `status` varchar(255) DEFAULT NULL,
  PRIMARY KEY (`id`)
) ENGINE=InnoDB AUTO_INCREMENT=2 DEFAULT CHARSET=latin1;

/*Data for the table `storesmaster` */

insert  into `storesmaster`(`id`,`created_time`,`updated_time`,`storeid`,`storename`,`location`,`status`) values (1,'2018-01-13 13:27:53','2018-01-13 13:27:53','Store000001','dhgdfhg','fghfh','1');

/*Table structure for table `student` */

DROP TABLE IF EXISTS `student`;

CREATE TABLE `student` (
  `stdId` int(100) DEFAULT NULL,
  `stdName` varchar(100) DEFAULT NULL,
  `stdAddr` varchar(100) DEFAULT NULL
) ENGINE=InnoDB DEFAULT CHARSET=latin1;

/*Data for the table `student` */

insert  into `student`(`stdId`,`stdName`,`stdAddr`) values (0,NULL,NULL),(0,NULL,NULL),(23,'dfs','dfsafs');

/*Table structure for table `tariffmaster` */

DROP TABLE IF EXISTS `tariffmaster`;

CREATE TABLE `tariffmaster` (
  `id` int(11) NOT NULL AUTO_INCREMENT,
  `created_time` timestamp NULL DEFAULT NULL,
  `updated_time` timestamp NOT NULL DEFAULT CURRENT_TIMESTAMP ON UPDATE CURRENT_TIMESTAMP,
  `itemId` varchar(255) DEFAULT NULL,
  `assetcode` varchar(255) DEFAULT NULL,
  `assetdescription` varchar(255) DEFAULT NULL,
  `rate` varchar(255) DEFAULT NULL,
  `alloweddiscount` varchar(255) DEFAULT NULL,
  `remarks` varchar(255) DEFAULT NULL,
  `status` varchar(255) DEFAULT NULL,
  PRIMARY KEY (`id`)
) ENGINE=InnoDB AUTO_INCREMENT=2 DEFAULT CHARSET=latin1;

/*Data for the table `tariffmaster` */

insert  into `tariffmaster`(`id`,`created_time`,`updated_time`,`itemId`,`assetcode`,`assetdescription`,`rate`,`alloweddiscount`,`remarks`,`status`) values (1,'2018-01-23 10:46:40','2018-01-23 10:46:40','1',NULL,NULL,'5656','7','','1');

/*Table structure for table `truck_tracking` */

DROP TABLE IF EXISTS `truck_tracking`;

CREATE TABLE `truck_tracking` (
  `id` int(11) NOT NULL AUTO_INCREMENT,
  `created_time` timestamp NULL DEFAULT NULL,
  `updated_time` timestamp NOT NULL DEFAULT CURRENT_TIMESTAMP ON UPDATE CURRENT_TIMESTAMP,
  `truckId` varchar(255) DEFAULT NULL,
  `truckStatus` varchar(255) DEFAULT NULL,
  `outDate` varchar(255) DEFAULT NULL,
  `location` varchar(255) DEFAULT NULL,
  `ReadingKM` varchar(255) DEFAULT NULL,
  `PetrolLevel` varchar(255) DEFAULT NULL,
  `driverName` varchar(255) DEFAULT NULL,
  `tableJoinId` varchar(255) DEFAULT NULL,
  `status` varchar(255) DEFAULT NULL,
  PRIMARY KEY (`id`)
) ENGINE=InnoDB DEFAULT CHARSET=latin1;

/*Data for the table `truck_tracking` */

/*Table structure for table `trucksmaster` */

DROP TABLE IF EXISTS `trucksmaster`;

CREATE TABLE `trucksmaster` (
  `id` int(11) NOT NULL AUTO_INCREMENT,
  `created_time` timestamp NULL DEFAULT NULL,
  `updated_time` timestamp NOT NULL DEFAULT CURRENT_TIMESTAMP ON UPDATE CURRENT_TIMESTAMP,
  `trucknumber` varchar(255) DEFAULT NULL,
  `registrationexpirydate` timestamp NULL DEFAULT NULL,
  `civildefensecardexpirydate` timestamp NULL DEFAULT NULL,
  `typeOfService` varchar(255) DEFAULT NULL,
  `servicedue` timestamp NULL DEFAULT NULL,
  `make` varchar(255) DEFAULT NULL,
  `description` varchar(255) DEFAULT NULL,
  `capacityoftruck` varchar(255) DEFAULT NULL,
  `lponumber` varchar(255) DEFAULT NULL,
  `status` varchar(255) DEFAULT NULL,
  PRIMARY KEY (`id`)
) ENGINE=InnoDB AUTO_INCREMENT=2 DEFAULT CHARSET=latin1;

/*Data for the table `trucksmaster` */

insert  into `trucksmaster`(`id`,`created_time`,`updated_time`,`trucknumber`,`registrationexpirydate`,`civildefensecardexpirydate`,`typeOfService`,`servicedue`,`make`,`description`,`capacityoftruck`,`lponumber`,`status`) values (1,'2018-01-23 10:41:04','2018-01-23 10:41:04','dfdf','2018-01-17 00:00:00','2018-01-24 00:00:00','Maintenance','2018-01-24 00:00:00','erer','','45646','LPO1000001','1');

/*Table structure for table `usedgas` */

DROP TABLE IF EXISTS `usedgas`;

CREATE TABLE `usedgas` (
  `id` int(11) NOT NULL AUTO_INCREMENT,
  `created_time` timestamp NULL DEFAULT NULL,
  `updated_time` timestamp NOT NULL DEFAULT CURRENT_TIMESTAMP ON UPDATE CURRENT_TIMESTAMP,
  `fillingStationId` varchar(255) DEFAULT NULL,
  `fillingstationname` varchar(255) DEFAULT NULL,
  `gasInKgs` varchar(255) DEFAULT '0',
  `closedgas` varchar(255) DEFAULT '0',
  PRIMARY KEY (`id`)
) ENGINE=InnoDB AUTO_INCREMENT=5 DEFAULT CHARSET=latin1;

/*Data for the table `usedgas` */

insert  into `usedgas`(`id`,`created_time`,`updated_time`,`fillingStationId`,`fillingstationname`,`gasInKgs`,`closedgas`) values (1,'2018-01-31 16:14:24','2018-01-31 16:14:24','1','sdsd','44','311'),(2,'2018-02-01 10:43:07','2018-02-01 10:43:07','1','sdsd','176','135'),(3,'2018-02-01 10:43:21','2018-02-01 10:43:21','1','sdsd','11','124'),(4,'2018-02-02 14:55:14','2018-02-02 14:55:14','1','sdsd','352','-228');

/*!40101 SET SQL_MODE=@OLD_SQL_MODE */;
/*!40014 SET FOREIGN_KEY_CHECKS=@OLD_FOREIGN_KEY_CHECKS */;
