/*
SQLyog Community Edition- MySQL GUI v8.02 
MySQL - 5.5.27 : Database - kptms3
*********************************************************************
*/

/*!40101 SET NAMES utf8 */;

/*!40101 SET SQL_MODE=''*/;

/*!40014 SET @OLD_FOREIGN_KEY_CHECKS=@@FOREIGN_KEY_CHECKS, FOREIGN_KEY_CHECKS=0 */;
/*!40101 SET @OLD_SQL_MODE=@@SQL_MODE, SQL_MODE='NO_AUTO_VALUE_ON_ZERO' */;

CREATE DATABASE /*!32312 IF NOT EXISTS*/`kptms3` /*!40100 DEFAULT CHARACTER SET latin1 */;

USE `kptms3`;

/*Table structure for table `admin` */

DROP TABLE IF EXISTS `admin`;

CREATE TABLE `admin` (
  `id` int(11) NOT NULL AUTO_INCREMENT,
  `created_time` datetime DEFAULT NULL,
  `name` varchar(255) DEFAULT NULL,
  `password` varchar(255) DEFAULT NULL,
  `updated_time` datetime DEFAULT NULL,
  PRIMARY KEY (`id`)
) ENGINE=InnoDB DEFAULT CHARSET=latin1;

/*Data for the table `admin` */

/*Table structure for table `kpcategory` */

DROP TABLE IF EXISTS `kpcategory`;

CREATE TABLE `kpcategory` (
  `id` int(11) NOT NULL AUTO_INCREMENT,
  `category` varchar(255) DEFAULT NULL,
  `created_time` datetime DEFAULT NULL,
  `status` varchar(255) DEFAULT NULL,
  `updated_time` datetime DEFAULT NULL,
  PRIMARY KEY (`id`)
) ENGINE=InnoDB AUTO_INCREMENT=13 DEFAULT CHARSET=latin1;

/*Data for the table `kpcategory` */

insert  into `kpcategory`(`id`,`category`,`created_time`,`status`,`updated_time`) values (1,'Documents For View',NULL,'1','2018-02-19 16:13:41'),(2,'Request For Help',NULL,'1',NULL),(3,'Customer Issue',NULL,'1',NULL),(4,'Customer Service Request',NULL,'1',NULL),(5,'Internal Harware Issue',NULL,'1',NULL),(6,'Create Document',NULL,'1',NULL),(7,'Release Payment',NULL,'1',NULL),(8,'new test',NULL,'1','2018-02-15 11:31:56'),(9,'rteter',NULL,'1','2018-02-15 11:31:52'),(10,'rteterq',NULL,'1','2018-02-15 11:31:54'),(11,'new testwqeq',NULL,'1',NULL),(12,'sdfsdfa','2018-02-07 12:13:27','1','2018-02-07 12:13:27');

/*Table structure for table `kpdepartment` */

DROP TABLE IF EXISTS `kpdepartment`;

CREATE TABLE `kpdepartment` (
  `id` int(11) NOT NULL AUTO_INCREMENT,
  `name` varchar(255) DEFAULT NULL,
  `description` varchar(255) DEFAULT NULL,
  `status` varchar(255) DEFAULT NULL,
  `created_time` datetime DEFAULT NULL,
  `updated_time` datetime DEFAULT NULL,
  `depthead` varchar(255) DEFAULT NULL,
  PRIMARY KEY (`id`)
) ENGINE=InnoDB AUTO_INCREMENT=10 DEFAULT CHARSET=latin1;

/*Data for the table `kpdepartment` */

insert  into `kpdepartment`(`id`,`name`,`description`,`status`,`created_time`,`updated_time`,`depthead`) values (1,'Sales','Sales ','0',NULL,'2018-02-19 14:42:54','1'),(2,'HR','HR1','0',NULL,'2018-02-19 14:43:14','2'),(3,'admin','admin1','1',NULL,'2018-01-29 15:32:18','3'),(4,'sefrer','werewrwe','1','2018-02-03 17:23:03','2018-02-03 17:23:11','4'),(5,'drfesr','werwew','1','2018-02-03 17:23:31','2018-02-15 10:12:36','4'),(6,'Marketing','werewr','1','2018-02-03 17:27:51','2018-02-05 17:41:44','17'),(7,'werwer','werwrwe','1','2018-02-06 18:21:56','2018-02-15 10:44:13','13'),(8,'leela1','wqeqe1','1','2018-02-16 19:10:20','2018-02-17 15:34:02','13'),(9,'wqewq','qweqweqw','1','2018-02-19 14:39:47','2018-02-19 14:39:47','7');

/*Table structure for table `kpdesignation` */

DROP TABLE IF EXISTS `kpdesignation`;

CREATE TABLE `kpdesignation` (
  `id` int(11) NOT NULL AUTO_INCREMENT,
  `name` varchar(255) DEFAULT NULL,
  `status` varchar(255) DEFAULT NULL,
  `created_time` datetime DEFAULT NULL,
  `updated_time` datetime DEFAULT NULL,
  PRIMARY KEY (`id`)
) ENGINE=InnoDB AUTO_INCREMENT=11 DEFAULT CHARSET=latin1;

/*Data for the table `kpdesignation` */

insert  into `kpdesignation`(`id`,`name`,`status`,`created_time`,`updated_time`) values (1,'ROLE_ADMIN','1',NULL,NULL),(2,'ROLE_USER','1',NULL,'2018-02-15 10:45:48'),(3,'DIVISION HEAD','1',NULL,NULL),(4,'REGION HEAD','0',NULL,'2018-02-05 10:25:20'),(5,'FIELD EXECUTIVE','1',NULL,'2018-01-29 15:44:03'),(6,'DEALER','1',NULL,NULL),(7,'USER','1',NULL,NULL),(8,'CASHER','1',NULL,'2018-01-29 16:05:00'),(9,'ROLE_ADMIN','1',NULL,NULL),(10,'ROLE_USER','1',NULL,'2018-01-29 16:04:41');

/*Table structure for table `kpmultiroles` */

DROP TABLE IF EXISTS `kpmultiroles`;

CREATE TABLE `kpmultiroles` (
  `id` int(11) NOT NULL AUTO_INCREMENT,
  `designationid` varchar(255) DEFAULT NULL,
  `desigrole` varchar(255) DEFAULT NULL,
  PRIMARY KEY (`id`)
) ENGINE=InnoDB AUTO_INCREMENT=5 DEFAULT CHARSET=latin1;

/*Data for the table `kpmultiroles` */

insert  into `kpmultiroles`(`id`,`designationid`,`desigrole`) values (1,'1','ROLE_ADMIN'),(2,'2','ROLE_USER'),(3,'3','ROLE_USER'),(4,'4','ROLE_USER');

/*Table structure for table `kporgdept` */

DROP TABLE IF EXISTS `kporgdept`;

CREATE TABLE `kporgdept` (
  `id` int(11) NOT NULL AUTO_INCREMENT,
  `status` varchar(255) DEFAULT NULL,
  `created_time` datetime DEFAULT NULL,
  `dept` varchar(255) DEFAULT NULL,
  `org` varchar(255) DEFAULT NULL,
  `parent_dept` varchar(255) DEFAULT NULL,
  `updated_time` datetime DEFAULT NULL,
  PRIMARY KEY (`id`)
) ENGINE=InnoDB AUTO_INCREMENT=10 DEFAULT CHARSET=latin1;

/*Data for the table `kporgdept` */

insert  into `kporgdept`(`id`,`status`,`created_time`,`dept`,`org`,`parent_dept`,`updated_time`) values (1,'0','2018-01-24 15:43:24','1','1','2','2018-01-24 15:43:24'),(2,'1','2018-01-24 15:46:10','2','1','3','2018-02-09 17:23:31'),(3,'0','2018-01-27 17:36:19','3','2','5','2018-02-15 10:47:42'),(4,'1',NULL,'4','2','3','2018-02-15 10:47:45'),(5,NULL,NULL,'5','1','4',NULL),(6,'1',NULL,'6','2','5','2018-02-09 17:23:15'),(7,'1','2018-02-09 12:01:12','5','2','6','2018-02-09 12:01:12'),(8,'1','2018-02-09 13:11:38','1','3','4','2018-02-09 13:11:38'),(9,'1','2018-02-09 17:23:46','4','3','1','2018-02-09 17:23:46');

/*Table structure for table `kporgnization` */

DROP TABLE IF EXISTS `kporgnization`;

CREATE TABLE `kporgnization` (
  `id` int(11) NOT NULL AUTO_INCREMENT,
  `description` varchar(255) DEFAULT NULL,
  `name` varchar(255) DEFAULT NULL,
  `status` varchar(255) DEFAULT NULL,
  `created_time` datetime DEFAULT NULL,
  `updated_time` datetime DEFAULT NULL,
  PRIMARY KEY (`id`)
) ENGINE=InnoDB AUTO_INCREMENT=5 DEFAULT CHARSET=latin1;

/*Data for the table `kporgnization` */

insert  into `kporgnization`(`id`,`description`,`name`,`status`,`created_time`,`updated_time`) values (1,'test','test','1',NULL,NULL),(2,'test22s','test22','1',NULL,'2018-02-05 10:25:13'),(3,'fgfdgfd','gdrgrdg','1','2018-02-07 11:42:31','2018-02-07 11:42:31'),(4,'testing org11','testing org11','0','2018-02-07 13:53:32','2018-02-07 13:53:32');

/*Table structure for table `kppriority` */

DROP TABLE IF EXISTS `kppriority`;

CREATE TABLE `kppriority` (
  `id` int(11) NOT NULL AUTO_INCREMENT,
  `priority` varchar(255) DEFAULT NULL,
  PRIMARY KEY (`id`)
) ENGINE=InnoDB AUTO_INCREMENT=5 DEFAULT CHARSET=latin1;

/*Data for the table `kppriority` */

insert  into `kppriority`(`id`,`priority`) values (1,'Low'),(2,'Normal'),(3,'High'),(4,'Immediately');

/*Table structure for table `kpseverity` */

DROP TABLE IF EXISTS `kpseverity`;

CREATE TABLE `kpseverity` (
  `id` int(11) NOT NULL AUTO_INCREMENT,
  `severity` varchar(255) DEFAULT NULL,
  `colour` varchar(255) DEFAULT NULL,
  PRIMARY KEY (`id`)
) ENGINE=InnoDB AUTO_INCREMENT=4 DEFAULT CHARSET=latin1;

/*Data for the table `kpseverity` */

insert  into `kpseverity`(`id`,`severity`,`colour`) values (1,'Minor','blue'),(2,'Major','orange'),(3,'Critical','red');

/*Table structure for table `kpstatus` */

DROP TABLE IF EXISTS `kpstatus`;

CREATE TABLE `kpstatus` (
  `id` int(11) NOT NULL,
  `name` varchar(255) DEFAULT NULL,
  `scolour` varchar(255) DEFAULT NULL,
  `created_time` datetime DEFAULT NULL,
  `updated_time` datetime DEFAULT NULL,
  PRIMARY KEY (`id`)
) ENGINE=InnoDB DEFAULT CHARSET=latin1;

/*Data for the table `kpstatus` */

insert  into `kpstatus`(`id`,`name`,`scolour`,`created_time`,`updated_time`) values (1,'Closed','green',NULL,NULL),(2,'Assigned','light-red',NULL,NULL),(3,'Acknowledged','grey',NULL,NULL),(4,'Resolved','light-green',NULL,NULL),(5,'Feedback','purple',NULL,NULL),(6,'Reopen','red',NULL,NULL),(7,'Duplicate','pink',NULL,NULL),(8,'Won\'t fix','brown',NULL,NULL);

/*Table structure for table `kpstatuslogs` */

DROP TABLE IF EXISTS `kpstatuslogs`;

CREATE TABLE `kpstatuslogs` (
  `id` int(11) NOT NULL AUTO_INCREMENT,
  `comment` varchar(255) DEFAULT NULL,
  `iassignto` varchar(255) DEFAULT NULL,
  `issueid` varchar(255) DEFAULT NULL,
  `kpstatus` varchar(255) DEFAULT NULL,
  `statustime` datetime DEFAULT NULL,
  `subject` varchar(255) DEFAULT NULL,
  `uploadfiles` varchar(500) DEFAULT NULL,
  `taskno` varchar(255) DEFAULT NULL,
  PRIMARY KEY (`id`)
) ENGINE=InnoDB AUTO_INCREMENT=250 DEFAULT CHARSET=latin1;

/*Data for the table `kpstatuslogs` */

insert  into `kpstatuslogs`(`id`,`comment`,`iassignto`,`issueid`,`kpstatus`,`statustime`,`subject`,`uploadfiles`,`taskno`) values (1,'test for document 25','2','10','2','2018-01-02 16:50:24','testfor post',NULL,NULL),(2,'test for document 25','2','10','2','2018-01-02 16:52:07','testfor post',NULL,NULL),(3,'test for document 25','2','10','2','2018-01-04 10:59:12','testfor post',NULL,NULL),(4,'teamwork','2','19','6','2018-01-04 10:59:20','test subject',NULL,NULL),(5,'test for document 25','2','10','4','2018-01-05 11:22:48','testfor post',NULL,NULL),(6,'from raju checking ','9','12','4','2018-01-05 11:50:37','subject test2',NULL,NULL),(7,'from raju checking ','9','12','4','2018-01-05 11:51:12','subject test2',NULL,NULL),(8,'check details','2','5','1','2018-01-05 11:57:43','testtoraju1',NULL,NULL),(9,'okay','2','2','4','2018-01-05 12:04:02','test55',NULL,NULL),(10,'okay','2','2','4','2018-01-05 12:10:21','test55',NULL,NULL),(11,NULL,'5','42','2','2018-01-13 14:36:25','xfddsfg',NULL,NULL),(12,'test for edit issue  with browse option','6','36','2','2018-01-18 11:43:08','wedw',NULL,NULL),(13,'test 2','2','41','2','2018-01-19 11:16:42','ewr','Adwait_Logo_highresolution1516340802000.png',NULL),(14,'test 3','2','41','2','2018-01-19 11:16:55','ewr','Adwait_Logo_highresolution1516340802000.png*Astona Logo_publicity1516340815969.png*Charvikent_png.png',NULL),(15,'errerwe','5','42','2','2018-01-20 11:46:13','xfddsfg','Adwait_Logo_highresolution1516428973771.png',NULL),(16,'','5','42','1','2018-01-20 11:48:28','xfddsfg','Adwait_Logo_highresolution1516429108880.png',NULL),(17,NULL,'6','43','2','2018-01-20 12:14:27','dfgdgd',NULL,NULL),(18,'sdfsfs','6','43','2','2018-01-20 12:14:55','dfgdgd',NULL,NULL),(19,'dgdrtgerge','2','41','2','2018-01-20 12:45:00','ewr',NULL,NULL),(20,'ferwerwerw','6','43','2','2018-01-20 12:45:17','dfgdgd',NULL,NULL),(21,'description was changed','2','37','2','2018-01-20 16:26:40','wedewd',NULL,NULL),(22,NULL,'2','44','2','2018-01-20 16:59:11','xsdfs',NULL,NULL),(23,'add attachments','15','44','2','2018-01-20 16:59:55','xsdfs',NULL,NULL),(24,'add one attachment','15','44','2','2018-01-20 17:01:56','xsdfs',NULL,NULL),(25,'seted uploadfile','15','44','2','2018-01-20 17:20:21','xsdfs','Crazytoonz_Logo - Copy1516449021283.jpg',NULL),(26,'nothing changes','15','44','2','2018-01-20 17:26:33','xsdfs',NULL,NULL),(27,NULL,'5','45','2','2018-01-22 09:57:41','test 45','Adwait_Logo_highresolution - Copy - Copy.png*Adwait_Logo_highresolution - Copy1516595261188.png*Adwait_Logo_highresolution1516595261191.png*Crazytoonz_Logo - Copy1516595261193.jpg*Crazytoonz_Logo1516595261194.jpg',NULL),(28,NULL,'5','46','2','2018-01-22 10:41:31','drrgdt','Crazytoonz_Logo1516597891305.jpg',NULL),(29,NULL,'4','47','2','2018-01-22 10:42:00','drrtt','Crazytoonz_Logo1516597891305.jpg*sattwica new copy1516597920564.jpg*sb-logo1516597920567.png',NULL),(30,NULL,'4','48','2','2018-01-22 11:09:39','wewr','Crazytoonz_Logo1516597891305.jpg*sattwica new copy1516597920564.jpg*sb-logo1516597920567.png*New Microsoft Excel Worksheet1516599579393.xlsx',NULL),(31,NULL,'2','51','2','2018-01-22 11:45:23','sdawdqwasdqwa','safecopy2.txt',NULL),(32,NULL,'4','52','2','2018-01-22 11:45:45','dwdwd','safecopy2.txt*safecopy21516601745058.txt',NULL),(33,NULL,'6','55','2','2018-01-22 11:56:14','dwerwerew','safecopy21516602328489.txt',NULL),(34,NULL,'4','56','2','2018-01-22 12:08:01','kjhjhyutgyg',NULL,NULL),(35,NULL,'2','57','2','2018-01-22 12:13:38','weffwew',NULL,NULL),(36,NULL,'5','58','2','2018-01-22 12:15:54','wedwedwd',NULL,NULL),(37,NULL,'4','59','2','2018-01-22 12:17:00','wedewdewd',NULL,NULL),(38,'description and file browse changed','2','45','2','2018-01-22 12:32:33','test 45','safecopy21516604553510.txt',NULL),(39,NULL,'2','60','2','2018-01-22 13:44:50','ewfwd','safecopy2.txt',NULL),(40,'file browsed','2','60','2','2018-01-22 13:45:39','ewfwd','New Microsoft Excel Worksheet1516608939763.xlsx',NULL),(41,NULL,'4','61','2','2018-01-22 16:18:07','qwdqde',NULL,NULL),(42,NULL,'5','62','2','2018-01-22 16:23:03','sdewdwe',NULL,NULL),(44,NULL,'2','64','2','2018-01-22 16:31:53','wewr','nutsandbolts.docx',NULL),(45,'files uploaded','1','64','2','2018-01-22 16:33:00','wewr','safecopy2.txt',NULL),(46,'files uploaded','1','20','2','2018-01-22 16:34:21','test to admin',NULL,NULL),(47,NULL,'2','65','2','2018-01-22 16:40:24','Serrw','nutsandbolts1516619391920.docx',NULL),(48,NULL,'2','66','2','2018-01-22 16:42:28','ewrw','nutsandbolts1516619489428.docx',NULL),(49,NULL,'2','67','2','2018-01-22 16:49:31','Wdewd',NULL,NULL),(50,NULL,'7','68','2','2018-01-22 18:30:29','test for leela1','nutsandbolts1516626029827.docx',NULL),(51,NULL,'5','69','2','2018-01-23 14:53:19','weww','Kptms.docx',NULL),(52,NULL,'7','70','2','2018-01-23 15:04:50','wewrwerew','getparentin mysql.txt*Kptms1516700090105.docx',NULL),(53,NULL,'2','60',NULL,'2018-01-29 12:14:51','werwrwer',NULL,NULL),(54,NULL,'6','71','2','2018-01-29 12:54:00','wdwdw',NULL,NULL),(55,NULL,'2','2',NULL,'2018-01-29 17:08:43','test55',NULL,NULL),(56,NULL,'2','2',NULL,'2018-01-29 17:56:11','test55',NULL,NULL),(57,NULL,'12','72','2','2018-01-30 11:03:33','weewqe','git commands.txt',NULL),(58,NULL,'2','71',NULL,'2018-01-30 11:06:36','wdwdw','git commands1517290596743.txt',NULL),(59,NULL,'2','11',NULL,'2018-01-30 11:07:43','subject test','git commands1517290663032.txt',NULL),(60,NULL,'2','71',NULL,'2018-01-30 11:10:36','wdwdw','git commands1517290836073.txt',NULL),(61,NULL,'4','73','2','2018-01-31 12:14:26','werwrwre',NULL,NULL),(62,'qweqwewqewq','2','74','2','2018-01-31 16:50:54','wwwqewq','dropdowen.txt*git commands1517397545951.txt',NULL),(63,'fgdgdfgd','2','74',NULL,'2018-01-31 17:07:19','wwwqewq',NULL,NULL),(64,NULL,'2','74',NULL,'2018-01-31 17:56:08','wwwqewq',NULL,NULL),(65,'werwerewrwe','12','75','2','2018-01-31 18:23:37','werwr',NULL,NULL),(66,'qwewqeqwewq','7','76','2','2018-01-31 18:23:48','wewewqe',NULL,NULL),(67,'wewewqewq',NULL,NULL,'3','2018-02-01 12:24:21',NULL,'dropdowen1517468061372.txt',NULL),(68,'dfgdgd',NULL,NULL,'2','2018-02-01 12:31:50',NULL,NULL,NULL),(69,'werwerew',NULL,NULL,'8','2018-02-01 12:41:44',NULL,NULL,NULL),(70,'werwrwerw',NULL,'76','3','2018-02-01 12:46:54',NULL,'todaywork.txt',NULL),(71,'wefrwrew',NULL,'76','4','2018-02-01 12:49:32',NULL,NULL,NULL),(72,'qwewqewqeq',NULL,'76','5','2018-02-01 12:59:28',NULL,'todaywork1517470167726.txt',NULL),(73,'erewrwerew',NULL,'76','4','2018-02-01 13:00:51',NULL,'test123.txt*testcrete.txt*text125.txt*todaywork1517470251711.txt',NULL),(74,'dfgfdg','leela1','76','5','2018-02-01 13:20:53',NULL,'testcrete1517471453568.txt*text1251517471453569.txt*text125 - Copy.txt*todaywork - Copy.txt',NULL),(75,'sefwr','7','76','5','2018-02-01 13:22:52',NULL,'text1251517471572094.txt',NULL),(76,'','7','76','','2018-02-01 13:25:43',NULL,NULL,NULL),(77,'','7','76','','2018-02-01 13:27:43',NULL,NULL,NULL),(78,'','7','76','','2018-02-01 13:29:18',NULL,NULL,NULL),(79,'','7','76','','2018-02-01 13:29:18',NULL,NULL,NULL),(80,'wr4r4','7','76','5','2018-02-01 14:05:01',NULL,'todaywork - Copy1517474101292.txt',NULL),(81,'gdfdgdfg','1','76','6','2018-02-01 14:23:45',NULL,'test1231517475225607.txt*testcrete1517475225608.txt*text125 - Copy1517475225613.txt',NULL),(82,'erterte','1','76','3','2018-02-01 14:26:57',NULL,'test1231517475417456.txt',NULL),(83,'weewerwerwe','2','76','4','2018-02-01 14:27:31',NULL,'git commands1517475451564.txt',NULL),(84,'','1','76','','2018-02-01 14:49:59',NULL,NULL,NULL),(85,'','1','76','','2018-02-01 14:54:32',NULL,NULL,NULL),(86,'','1','76','','2018-02-01 14:54:43',NULL,NULL,NULL),(87,'','1','76','','2018-02-01 14:54:43',NULL,NULL,NULL),(88,'','1','76','','2018-02-01 14:57:24',NULL,NULL,NULL),(89,'','2','76','','2018-02-01 16:21:24',NULL,NULL,NULL),(90,'','2','76','','2018-02-01 16:31:52',NULL,NULL,NULL),(91,'wqewqeqw','2','76','2','2018-02-01 17:50:01',NULL,'test1231517487601971.txt',NULL),(92,'qwewqeqwewq','2','76','2','2018-02-02 10:23:50',NULL,NULL,NULL),(93,'cfghfhf','2','74','3','2018-02-02 15:12:51',NULL,NULL,NULL),(94,'qweqwewq','2','74','2','2018-02-02 15:23:26',NULL,NULL,NULL),(99,'[object HTMLTextAreaElement]','2',NULL,'[object HTMLSelectElement]','2018-02-02 16:05:16',NULL,NULL,NULL),(102,'[object HTMLTextAreaElement]','2',NULL,'[object HTMLSelectElement]','2018-02-02 16:32:06',NULL,NULL,NULL),(105,'wqewqwq','2',NULL,'3','2018-02-02 16:41:41',NULL,NULL,NULL),(106,'cbvcbvcvb','2',NULL,'2','2018-02-02 16:41:50',NULL,NULL,NULL),(108,'cvnbv','2',NULL,'2','2018-02-02 16:48:16',NULL,NULL,NULL),(110,'fhgfgh','2',NULL,'2','2018-02-02 16:50:21',NULL,NULL,NULL),(112,'rtry','2',NULL,'2','2018-02-02 16:53:23',NULL,NULL,NULL),(113,'fgfg','2',NULL,'4','2018-02-02 16:59:19',NULL,NULL,NULL),(118,'dfdf','2',NULL,'3','2018-02-02 17:10:12',NULL,NULL,NULL),(119,'ffcbvfcb','2',NULL,'3','2018-02-02 17:10:19',NULL,NULL,NULL),(120,'dfgdgf','2',NULL,'3','2018-02-02 17:10:19',NULL,NULL,NULL),(122,'dsfgdfgdg','2',NULL,'3','2018-02-02 17:12:02',NULL,NULL,NULL),(124,'dfdf','2',NULL,'3','2018-02-02 17:16:28',NULL,NULL,NULL),(131,'df fsfdfsf','2',NULL,'1','2018-02-02 18:00:46',NULL,NULL,NULL),(132,'df sdfdsf','2',NULL,'2','2018-02-02 18:13:11',NULL,'text1251517575391227.txt',NULL),(133,'dsfs fdsfdsfsdfsdf sfsfsfs','2',NULL,'2','2018-02-02 18:14:18',NULL,NULL,NULL),(134,'g dfgdgdg','2',NULL,'3','2018-02-02 18:29:32',NULL,'testcrete1517576372498.txt',NULL),(135,'df sfdsfsfsfs','2',NULL,'1','2018-02-02 18:30:29',NULL,NULL,NULL),(136,'dfsfsdf','2','76','14','2018-02-03 10:30:47',NULL,NULL,NULL),(137,'dfsfsdf','2','76','14','2018-02-03 10:30:50',NULL,NULL,NULL),(138,'drtetre','2','76','15','2018-02-03 10:34:22',NULL,NULL,NULL),(139,'drtetre','2','76','15','2018-02-03 10:34:25',NULL,NULL,NULL),(140,'werwrew','2','76','4','2018-02-03 11:05:50',NULL,NULL,NULL),(141,'werwrew','2','76','4','2018-02-03 11:05:53',NULL,NULL,NULL),(142,'saedew','2','76','3','2018-02-03 11:05:55',NULL,NULL,NULL),(143,'saedew','2','76','3','2018-02-03 11:06:02',NULL,NULL,NULL),(144,'sdfsfds','2',NULL,'2','2018-02-03 11:07:10',NULL,NULL,NULL),(145,'xdff','2',NULL,'2','2018-02-03 11:16:52',NULL,NULL,NULL),(146,'wqwqwq','2',NULL,'3','2018-02-03 11:26:30',NULL,NULL,NULL),(147,'etetertre','2',NULL,'6','2018-02-03 11:45:41',NULL,'todaywork - Copy - Copy - Copy1517638230202.txt*dropdowen1517638450133.txt',NULL),(148,'sefserw','2',NULL,'6','2018-02-03 11:48:58',NULL,'dropdowen1517638712342.txt*git commands1517638719106.txt',NULL),(149,'adada','2','76','4','2018-02-03 12:00:34',NULL,'test1231517639415977.txt*testcrete1517639418110.txt*text125 - Copy1517639421119.txt*text1251517639425033.txt',NULL),(150,'wewqewq','2','76','3','2018-02-03 12:14:53',NULL,'dropdowen1517640290522.txt*git commands1517640291303.txt',NULL),(151,'werewrwe','2','76','2','2018-02-03 12:18:17',NULL,'todaywork - Copy (2) - Copy1517640497203.txt*todaywork - Copy (2)1517640497205.txt*todaywork - Copy1517640497207.txt*todaywork1517640497208.txt*todaywork - Copy (3) - Copy.txt',NULL),(152,'','2','76','','2018-02-03 12:18:29',NULL,NULL,NULL),(153,'werwer','2','76','3','2018-02-03 13:18:05',NULL,'todaywork - Copy - Copy (2)1517644085224.txt*todaywork - Copy - Copy1517644085224.txt*todaywork - Copy (2) - Copy1517644085224.txt',NULL),(156,'xvb','2','79','2','2018-02-06 17:53:27',NULL,'kptms',NULL),(157,'cvbcbv','4','80','2','2018-02-06 17:55:49',NULL,'todaywork - Copy - Copy (2)1517919948886.txt',NULL),(158,'wrwrwer','14','81','2','2018-02-06 18:18:49',NULL,NULL,NULL),(159,'wqewqewq','5','81','2','2018-02-06 18:51:15',NULL,'text1251517923275354.txt',NULL),(160,'qweqewq','2','81','3','2018-02-07 11:55:51',NULL,'todaywork - Copy - Copy - Copy1517984751070.txt',NULL),(161,'werewre','2','80','3','2018-02-07 12:12:32',NULL,'todaywork - Copy (2) - Copy1517985752021.txt*todaywork - Copy (2)1517985752027.txt',NULL),(162,'eqwew','14','82','2','2018-02-07 17:54:45',NULL,'todaywork - Copy1518006280904.txt*todaywork1518006283409.txt',NULL),(163,'werwrwe','13','83','2','2018-02-07 18:15:55',NULL,'test1231518007555779.txt',NULL),(164,'undefined','2','undefined','undefined','2018-02-07 18:33:51',NULL,'git commands1518008631058.txt',NULL),(165,'gsfdgds','6','84','2','2018-02-07 19:07:29',NULL,'!qhlogs.doc*!qhlogs1518010649611.doc',NULL),(166,'wqrwqerw','5','85','2','2018-02-08 10:04:58',NULL,'test1231518064498627.txt*testcrete1518064498630.txt',NULL),(167,'werwrwer','1','85','5','2018-02-08 10:05:17',NULL,'git commands1518064517469.txt',NULL),(168,'qweqweqw','15','86','2','2018-02-08 10:13:42',NULL,'testcrete1518065022777.txt*text125 - Copy1518065022780.txt*text1251518065022783.txt*todaywork - Copy - Copy - Copy (2).txt',NULL),(169,'wqrwqerw','1','85',NULL,'2018-02-08 10:18:07',NULL,NULL,NULL),(171,'692 recored','2','74','4','2018-02-08 13:03:50',NULL,'todaywork - Copy (2) - Copy1518075230288.txt*todaywork - Copy (2)1518075230300.txt*todaywork - Copy (3) - Copy1518075230348.txt',NULL),(172,'wewewqeq','2','79','5','2018-02-08 15:31:59',NULL,'todaywork - Copy (2)1518084119524.txt',NULL),(173,'werwrew','2','74','3','2018-02-08 15:40:28',NULL,'todaywork - Copy - Copy - Copy (2)1518084628057.txt',NULL),(174,'','2','12','1','2018-02-08 15:48:25',NULL,NULL,NULL),(175,'','2','79','1','2018-02-08 15:51:39',NULL,NULL,NULL),(176,'','2','10','1','2018-02-08 16:28:10',NULL,NULL,NULL),(177,'drtretertert','2','10','1','2018-02-08 16:29:31',NULL,NULL,NULL),(178,'','2','10','6','2018-02-08 16:34:18',NULL,NULL,NULL),(179,'dfggfdgdfg','2','10','1','2018-02-08 16:47:54',NULL,NULL,NULL),(180,'','2','10','1','2018-02-08 16:49:04',NULL,NULL,NULL),(181,'','2','10','1','2018-02-08 16:49:13',NULL,NULL,NULL),(182,'','2','10','1','2018-02-08 16:49:22',NULL,NULL,NULL),(183,'','2','10','1','2018-02-08 16:55:35',NULL,NULL,NULL),(184,'','2','10','1','2018-02-08 16:57:25',NULL,NULL,NULL),(185,'ggggg','2','10','1','2018-02-08 16:58:05',NULL,NULL,NULL),(186,'zdfsdfs','2','10','4','2018-02-08 17:08:05',NULL,NULL,NULL),(187,'zdfsdfs','2','10','3','2018-02-08 17:08:19',NULL,NULL,NULL),(188,'weqweqwe','2','5','5','2018-02-08 17:09:22',NULL,NULL,NULL),(189,'qwdewqeq','2','5','4','2018-02-08 17:09:37',NULL,NULL,NULL),(190,'qweqewq','2','10','1','2018-02-08 17:11:36',NULL,NULL,NULL),(191,'qweqeqw','2','10','1','2018-02-08 17:14:05',NULL,NULL,NULL),(192,'asdwqerw','2','10','1','2018-02-08 17:18:28',NULL,NULL,NULL),(193,'qweqeqw','2','10','1','2018-02-08 17:33:22',NULL,NULL,NULL),(194,'rtert','2','10','1','2018-02-08 17:36:09',NULL,NULL,NULL),(195,'qwewqeqw','2','10','3','2018-02-08 17:36:41',NULL,NULL,NULL),(196,'werwerw','14','88','2','2018-02-08 18:08:27',NULL,'test1231518093507392.txt*testcrete1518093507429.txt',NULL),(197,'xcvdfg','2','74','5','2018-02-10 10:18:53',NULL,NULL,NULL),(198,'xcvdfg','2','74','5','2018-02-10 10:18:53',NULL,NULL,NULL),(199,'wrewerr','15','91','2','2018-02-10 16:00:03',NULL,'test1231518258603515.txt',NULL),(200,'qweqweqw','1','86',NULL,'2018-02-10 16:19:43',NULL,NULL,NULL),(201,'qweqweqw','1','86',NULL,'2018-02-10 16:20:30',NULL,NULL,NULL),(202,'wqrwqerw','1','85',NULL,'2018-02-10 16:28:48',NULL,NULL,NULL),(203,'qweqweqw','1','86',NULL,'2018-02-10 16:29:18',NULL,NULL,NULL),(204,'dgf','1','85','3','2018-02-13 16:48:45',NULL,NULL,NULL),(205,'serewrw','1','85','4','2018-02-15 13:34:43',NULL,NULL,NULL),(206,'task acknowledged','2','74','1','2018-02-16 10:31:30',NULL,NULL,NULL),(207,'task acknowledged','2','10','3','2018-02-16 10:34:55',NULL,NULL,NULL),(212,'qweqwe','6','97','2','2018-02-16 15:36:19',NULL,NULL,NULL),(213,'testing tooo longgggggggggggggggggggggggggggggggggggggggggggggggggggggggcomment','1','85','1','2018-02-16 16:11:44',NULL,NULL,NULL),(214,'jhgjhgj hjgjgjhgj jhiojij codo dfndm jedfjdk jskdjfk  dsskfjkdsf sdfk l dkfkd  fkdfd  fkdf','1','86','3','2018-02-16 16:16:59',NULL,NULL,NULL),(215,'wqrwqerw1','1','85','3','2018-02-17 10:13:49',NULL,NULL,NULL),(216,'qweqweqw1','1','86','3','2018-02-17 10:30:11',NULL,NULL,NULL),(217,'qweqweqw11','1','86','2','2018-02-17 10:52:58',NULL,NULL,NULL),(218,'xvb','2','79','2','2018-02-17 13:00:20',NULL,NULL,NULL),(219,'xvb','2','98','2','2018-02-17 13:01:06',NULL,NULL,NULL),(220,'check details','2','5','1','2018-02-17 13:02:04',NULL,NULL,NULL),(221,'description changed1','2','74','1','2018-02-17 13:02:54',NULL,NULL,NULL),(222,'description changed1','2','74','1','2018-02-17 13:09:14',NULL,NULL,NULL),(223,'testing date','16','99','2','2018-02-17 13:14:17',NULL,NULL,NULL),(224,'werwerw1','2','88','2','2018-02-17 15:33:31',NULL,NULL,NULL),(225,'testing dynamic data','2','100','2','2018-02-17 17:08:11',NULL,NULL,NULL),(226,'task acknowledged','2','5','3','2018-02-17 17:19:51',NULL,NULL,NULL),(227,'task acknowledged','2','79','3','2018-02-17 17:20:03',NULL,NULL,NULL),(228,'task acknowledged','2','100','3','2018-02-19 15:47:21',NULL,NULL,NULL),(229,'task acknowledged','2','98','3','2018-02-19 15:49:04',NULL,NULL,NULL),(230,'task acknowledged','2','10','3','2018-02-19 16:21:45',NULL,NULL,NULL),(231,'task acknowledged','2','74','3','2018-02-19 16:41:58',NULL,NULL,NULL),(232,'task acknowledged','2','5','3','2018-02-19 16:42:00',NULL,NULL,NULL),(233,'task acknowledged','2','79','3','2018-02-19 16:42:03',NULL,NULL,NULL),(234,'task acknowledged','2','100','3','2018-02-19 16:48:37',NULL,NULL,NULL),(235,'task acknowledged','2','98','3','2018-02-19 16:48:42',NULL,NULL,NULL),(236,'task acknowledged','2','98','3','2018-02-19 16:48:47',NULL,NULL,NULL),(237,'task acknowledged','2','74','3','2018-02-19 16:50:53',NULL,NULL,NULL),(238,'task acknowledged','2','5','3','2018-02-19 16:50:55',NULL,NULL,NULL),(239,'task acknowledged','2','79','3','2018-02-19 16:50:58',NULL,NULL,NULL),(240,'task acknowledged','2','100','3','2018-02-19 16:51:04',NULL,NULL,NULL),(241,'task acknowledged','2','98','3','2018-02-19 16:52:55',NULL,NULL,NULL),(242,'task acknowledged','2','98','3','2018-02-19 16:53:20',NULL,NULL,NULL),(243,'task acknowledged','2','74','3','2018-02-19 16:55:50',NULL,NULL,NULL),(244,'task acknowledged','2','5','3','2018-02-19 16:55:52',NULL,NULL,NULL),(245,'task acknowledged','2','79','3','2018-02-19 16:55:54',NULL,NULL,NULL),(246,'task acknowledged','2','98','3','2018-02-19 16:55:57',NULL,NULL,NULL),(247,'task acknowledged','2','100','3','2018-02-19 17:04:36',NULL,NULL,NULL),(248,'task acknowledged','2','74','3','2018-02-19 17:04:55',NULL,NULL,NULL),(249,'major description','1','103','2','2018-02-19 17:14:12',NULL,'Leela Krishna Daily Task.xlsx',NULL);

/*Table structure for table `kptasksselection` */

DROP TABLE IF EXISTS `kptasksselection`;

CREATE TABLE `kptasksselection` (
  `id` int(11) NOT NULL AUTO_INCREMENT,
  `name` varchar(255) DEFAULT NULL,
  PRIMARY KEY (`id`)
) ENGINE=InnoDB AUTO_INCREMENT=4 DEFAULT CHARSET=latin1;

/*Data for the table `kptasksselection` */

insert  into `kptasksselection`(`id`,`name`) values (1,'Assign To'),(2,'Assign By'),(3,'Monitor By');

/*Table structure for table `kpusers` */

DROP TABLE IF EXISTS `kpusers`;

CREATE TABLE `kpusers` (
  `id` int(11) NOT NULL AUTO_INCREMENT,
  `created_time` datetime DEFAULT NULL,
  `department` varchar(255) DEFAULT NULL,
  `designation` varchar(255) DEFAULT NULL,
  `email` varchar(255) DEFAULT NULL,
  `enabled` varchar(1) DEFAULT '1',
  `firstname` varchar(255) DEFAULT NULL,
  `lastname` varchar(255) DEFAULT NULL,
  `mobilenumber` varchar(255) DEFAULT NULL,
  `password` varchar(255) DEFAULT NULL,
  `updated_time` datetime DEFAULT NULL,
  `username` varchar(255) DEFAULT NULL,
  `reportto` varchar(255) DEFAULT NULL,
  PRIMARY KEY (`id`)
) ENGINE=InnoDB AUTO_INCREMENT=17 DEFAULT CHARSET=latin1;

/*Data for the table `kpusers` */

insert  into `kpusers`(`id`,`created_time`,`department`,`designation`,`email`,`enabled`,`firstname`,`lastname`,`mobilenumber`,`password`,`updated_time`,`username`,`reportto`) values (1,'2017-12-14 15:39:25','1','1','leelakrishnacce@gmail.com','1','leela','krishna','9293139394','admin','2018-02-15 10:53:49','admin','2'),(2,'2017-12-14 15:39:25','1','1','leelakrishnacce@gmail.com','0','admin','admin','9293139394','admin2','2018-02-15 11:46:25','admin2','1'),(4,'2017-12-14 16:45:13','4','9','rjrv.143@gmail.com','1','raju','bandi','8555863691','123456','2018-01-04 12:05:44','rajubandi','2'),(5,'2017-12-26 11:16:04','5','2','leelakrishnacce@gmail.com','1','leela','krishna','9293139394','123456','2018-01-22 18:32:59','leelakrishnap','2'),(6,'2017-12-26 11:23:40','4','9','leelakrishnacce@gmail.com','1','leela','krishna','8636416614','123456','2017-12-26 11:23:40','ladmin','2'),(7,'2017-12-26 11:25:24','3','10','leelakrishnacce@gmail.com','0','leela','krishna','9293139394','123456','2018-02-16 16:35:37','luser','5'),(8,'2017-12-26 11:27:44','3','7','leelakrishnacce@gmail.com','1','raju','raju','9293139394','raju','2017-12-26 11:27:44','raju','4'),(9,'2017-12-26 11:31:15','2','7','leelakrishnacce@gmail.com','1','leela','bandi','9293139394','123456','2017-12-26 11:31:15','administrator','2'),(12,'2017-12-28 10:52:36',NULL,NULL,'leelakrishnacce@gmail.com','1','leelakrishna','pasupuleti','9293139394','admin3','2018-01-04 11:56:08','admin3','2'),(14,'2018-01-08 11:16:54','3','9','leelakrishnacce@gmail.com','1','leela','krishna','8639416614','123456','2018-01-08 11:16:54','pasupuleti_1','2'),(15,'2018-01-20 16:57:23','4','3','gopichandvg@gmail.com',NULL,'gopichand','velivela','8790287091',NULL,'2018-02-19 14:23:01','gopi','2'),(16,'2018-01-23 12:37:16','2','4','leelakrishnacce@gmail.com','1','test','test','8639416614','test','2018-01-23 12:37:16','test1','1');

/*Table structure for table `kpuserslogs` */

DROP TABLE IF EXISTS `kpuserslogs`;

CREATE TABLE `kpuserslogs` (
  `id` int(11) NOT NULL AUTO_INCREMENT,
  `logintime` datetime DEFAULT NULL,
  `userid` varchar(255) DEFAULT NULL,
  `sessionname` varchar(255) DEFAULT NULL,
  PRIMARY KEY (`id`)
) ENGINE=InnoDB AUTO_INCREMENT=1026 DEFAULT CHARSET=latin1;

/*Data for the table `kpuserslogs` */

insert  into `kpuserslogs`(`id`,`logintime`,`userid`,`sessionname`) values (6,'2017-12-23 16:19:50','1','login'),(7,'2017-12-23 16:20:00','1','logout'),(8,'2017-12-23 16:32:07','2','login'),(9,'2017-12-23 16:56:32','3','login'),(10,'2017-12-23 16:56:55','3','logout'),(11,'2017-12-23 16:58:13','2','login'),(12,'2017-12-23 16:58:20','2','logout'),(13,'2017-12-23 17:01:00','1','login'),(14,'2017-12-23 17:01:08','2','login'),(15,'2017-12-23 17:01:27','2','logout'),(16,'2017-12-23 17:04:22','3','login'),(17,'2017-12-23 17:04:57','3','logout'),(18,'2017-12-23 17:10:24','2','login'),(19,'2017-12-23 17:24:58','2','logout'),(20,'2017-12-23 17:31:18','2','login'),(21,'2017-12-23 17:31:27','2','logout'),(22,'2017-12-23 17:56:25','2','login'),(23,'2017-12-26 11:15:13','2','login'),(24,'2017-12-26 11:22:24','2','login'),(25,'2017-12-26 11:27:05','2','login'),(26,'2017-12-26 11:29:48','2','login'),(27,'2017-12-26 11:34:51','2','login'),(28,'2017-12-26 13:04:11','2','login'),(29,'2017-12-26 13:09:03','2','login'),(30,'2017-12-26 13:32:37','2','login'),(31,'2017-12-26 14:22:27','2','login'),(32,'2017-12-26 14:39:04','2','login'),(33,'2017-12-26 14:49:30','2','login'),(34,'2017-12-26 14:51:18','2','login'),(35,'2017-12-26 16:11:06','2','login'),(36,'2017-12-26 16:17:31','2','login'),(37,'2017-12-26 16:35:50','2','login'),(38,'2017-12-26 16:41:27','2','login'),(39,'2017-12-26 16:42:27','2','login'),(40,'2017-12-26 16:47:25','2','login'),(41,'2017-12-26 16:57:39','2','login'),(42,'2017-12-26 16:59:30','2','login'),(43,'2017-12-26 17:01:55','2','login'),(44,'2017-12-26 17:04:04','2','login'),(45,'2017-12-26 17:05:51','2','login'),(46,'2017-12-26 17:11:43','2','login'),(47,'2017-12-26 17:28:59','2','login'),(48,'2017-12-26 17:30:16','2','login'),(49,'2017-12-26 17:30:59','2','login'),(50,'2017-12-26 17:39:33','2','login'),(51,'2017-12-27 10:49:48','2','login'),(52,'2017-12-27 10:58:58','2','login'),(53,'2017-12-27 11:03:52','2','login'),(54,'2017-12-27 11:10:17','2','login'),(55,'2017-12-27 11:16:01','2','login'),(56,'2017-12-27 11:24:27','2','login'),(57,'2017-12-27 11:25:09','2','login'),(58,'2017-12-27 11:35:20','2','login'),(59,'2017-12-27 11:40:35','2','login'),(60,'2017-12-27 11:43:42','2','login'),(61,'2017-12-27 12:58:20','2','login'),(62,'2017-12-27 12:59:18','2','login'),(63,'2017-12-27 13:00:16','2','login'),(64,'2017-12-27 13:11:10','2','login'),(65,'2017-12-27 13:17:16','2','login'),(66,'2017-12-27 13:19:58','2','login'),(67,'2017-12-27 13:21:51','2','login'),(68,'2017-12-27 13:23:05','2','login'),(69,'2017-12-27 13:27:23','2','login'),(70,'2017-12-27 13:30:31','2','login'),(71,'2017-12-27 13:32:36','2','login'),(72,'2017-12-27 13:48:37','2','login'),(73,'2017-12-27 13:50:07','2','login'),(74,'2017-12-27 14:03:28','2','login'),(75,'2017-12-27 14:06:30','2','login'),(76,'2017-12-27 14:10:50','2','login'),(77,'2017-12-27 14:11:56','2','login'),(78,'2017-12-27 14:13:53','2','login'),(79,'2017-12-27 14:14:39','2','login'),(80,'2017-12-27 14:40:07','2','login'),(81,'2017-12-27 14:42:14','2','login'),(82,'2017-12-27 14:43:19','2','login'),(83,'2017-12-27 14:44:45','2','login'),(84,'2017-12-27 14:50:17','2','login'),(85,'2017-12-27 14:51:17','2','login'),(86,'2017-12-27 14:57:16','2','login'),(87,'2017-12-27 15:09:19','2','login'),(88,'2017-12-27 15:11:38','2','login'),(89,'2017-12-27 15:19:56','2','login'),(90,'2017-12-27 15:21:23','2','login'),(91,'2017-12-27 15:23:09','2','login'),(92,'2017-12-27 15:47:05','2','login'),(93,'2017-12-27 15:52:58','2','login'),(94,'2017-12-27 17:22:44','2','login'),(95,'2017-12-27 17:28:10','2','login'),(96,'2017-12-27 17:34:48','2','login'),(97,'2017-12-27 17:36:02','2','login'),(98,'2017-12-27 17:38:53','2','login'),(99,'2017-12-27 17:41:34','2','login'),(100,'2017-12-27 17:46:44','2','login'),(101,'2017-12-28 10:47:54','2','login'),(102,'2017-12-28 11:16:03','2','login'),(103,'2017-12-28 11:19:48','2','login'),(104,'2017-12-28 11:27:15','2','login'),(105,'2017-12-28 11:31:16','2','login'),(106,'2017-12-28 11:40:08','2','login'),(107,'2017-12-28 11:43:35','2','login'),(108,'2017-12-28 11:48:27','1','login'),(109,'2017-12-28 11:52:21','2','login'),(110,'2017-12-28 12:18:35','2','login'),(111,'2017-12-28 12:20:38','2','login'),(112,'2017-12-28 12:25:19','2','login'),(113,'2017-12-28 12:40:34','2','login'),(114,'2017-12-28 13:03:59','2','login'),(115,'2017-12-28 13:05:13','2','login'),(116,'2017-12-28 13:06:16','2','login'),(117,'2017-12-28 13:41:02','1','login'),(118,'2017-12-28 13:41:06','1','logout'),(119,'2017-12-28 13:51:32','2','login'),(120,'2017-12-28 14:23:05','2','login'),(121,'2017-12-28 14:45:28','2','logout'),(122,'2017-12-28 14:57:05','2','login'),(123,'2017-12-28 16:35:32','2','login'),(124,'2017-12-28 16:41:59','2','login'),(125,'2017-12-28 16:43:46','2','login'),(126,'2017-12-28 16:57:07','2','login'),(127,'2017-12-28 17:05:45','2','login'),(128,'2017-12-28 17:07:03','2','login'),(129,'2017-12-28 17:10:13','2','login'),(130,'2017-12-28 17:20:45','2','login'),(131,'2017-12-28 17:36:26','2','login'),(132,'2017-12-28 17:36:58','2','login'),(133,'2017-12-28 17:39:22','2','login'),(134,'2017-12-29 11:22:13','2','login'),(135,'2017-12-29 11:32:22','2','login'),(136,'2017-12-29 12:09:49','2','login'),(137,'2017-12-29 12:16:25','2','login'),(138,'2017-12-29 12:22:22','2','login'),(139,'2017-12-29 12:42:21','7','login'),(140,'2017-12-29 12:42:43','7','logout'),(141,'2017-12-29 12:43:10','8','login'),(142,'2017-12-29 12:43:48','8','logout'),(143,'2017-12-29 12:44:03','5','login'),(144,'2017-12-29 12:44:22','5','logout'),(145,'2017-12-29 12:44:35','6','login'),(146,'2017-12-29 12:44:53','6','logout'),(147,'2017-12-29 12:45:09','8','login'),(148,'2017-12-29 12:46:53','8','logout'),(149,'2017-12-29 12:47:12','9','login'),(150,'2017-12-29 12:47:34','9','logout'),(151,'2017-12-29 12:47:45','10','login'),(152,'2017-12-29 12:48:09','10','logout'),(153,'2017-12-29 12:48:51','11','login'),(154,'2017-12-29 12:49:16','11','logout'),(155,'2017-12-29 12:49:29','12','login'),(156,'2017-12-29 12:54:44','12','logout'),(157,'2017-12-29 12:54:52','2','login'),(158,'2017-12-29 13:22:41','2','login'),(159,'2017-12-29 14:13:08','2','login'),(160,'2017-12-29 14:31:46','2','login'),(161,'2017-12-29 14:45:55','2','login'),(162,'2017-12-29 14:46:02','2','logout'),(163,'2017-12-29 14:46:08','1','login'),(164,'2017-12-29 14:47:53','1','logout'),(165,'2017-12-29 14:53:32','2','login'),(166,'2017-12-29 14:59:24','2','login'),(167,'2017-12-29 15:19:12','2','login'),(168,'2017-12-29 16:06:11','1','login'),(169,'2017-12-29 16:06:18','1','logout'),(170,'2017-12-29 16:17:17','2','login'),(171,'2017-12-29 16:35:41','2','login'),(172,'2017-12-29 17:20:09','2','login'),(173,'2017-12-29 17:28:43','2','login'),(174,'2017-12-29 17:41:31','2','login'),(175,'2017-12-29 17:45:01','2','login'),(176,'2017-12-29 17:49:29','2','login'),(177,'2017-12-29 17:55:07','2','login'),(178,'2017-12-29 17:57:32','2','login'),(179,'2017-12-29 17:58:13','2','logout'),(180,'2017-12-29 18:03:30','2','login'),(181,'2017-12-29 18:03:34','2','logout'),(182,'2017-12-29 18:03:43','2','login'),(183,'2017-12-29 18:03:48','2','logout'),(184,'2017-12-29 18:04:13','2','login'),(185,'2017-12-29 18:07:03','2','logout'),(186,'2017-12-29 18:07:12','2','login'),(187,'2017-12-29 18:13:20','2','login'),(188,'2017-12-29 18:15:37','2','login'),(189,'2017-12-29 18:15:46','2','logout'),(190,'2017-12-29 18:15:55','2','login'),(191,'2017-12-29 18:17:46','2','logout'),(192,'2017-12-29 18:18:24','2','login'),(193,'2017-12-30 10:31:33','2','login'),(194,'2017-12-30 10:31:48','2','logout'),(195,'2017-12-30 10:31:57','2','login'),(196,'2017-12-30 10:32:06','2','logout'),(197,'2017-12-30 10:32:13','2','login'),(198,'2017-12-30 10:33:00','2','login'),(199,'2017-12-30 10:43:13','2','login'),(200,'2017-12-30 10:48:17','2','login'),(201,'2017-12-30 10:50:36','2','login'),(202,'2017-12-30 10:57:37','2','login'),(203,'2017-12-30 11:10:40','2','login'),(204,'2017-12-30 11:11:15','2','login'),(205,'2017-12-30 11:15:08','2','login'),(206,'2017-12-30 11:19:38','2','login'),(207,'2017-12-30 11:26:42','2','login'),(208,'2017-12-30 11:27:50','2','login'),(209,'2017-12-30 11:31:40','2','login'),(210,'2017-12-30 11:33:25','2','login'),(211,'2017-12-30 11:36:59','2','login'),(212,'2017-12-30 11:41:29','2','login'),(213,'2017-12-30 12:03:49','2','login'),(214,'2017-12-30 12:10:51','2','login'),(215,'2017-12-30 12:22:59','2','login'),(216,'2017-12-30 12:29:46','2','logout'),(217,'2017-12-30 12:29:51','1','login'),(218,'2017-12-30 12:30:22','1','logout'),(219,'2017-12-30 12:30:30','2','login'),(220,'2017-12-30 12:34:13','2','login'),(221,'2017-12-30 12:43:50','2','logout'),(222,'2017-12-30 12:44:03','2','login'),(223,'2017-12-30 13:00:20','2','logout'),(224,'2017-12-30 13:00:26','1','login'),(225,'2017-12-30 13:13:09','2','login'),(226,'2017-12-30 13:14:55','2','login'),(227,'2017-12-30 13:29:30','2','logout'),(228,'2017-12-30 13:30:01','1','login'),(229,'2017-12-30 13:31:48','1','logout'),(230,'2017-12-30 13:32:08','2','login'),(231,'2017-12-30 13:39:45','2','logout'),(232,'2018-01-02 11:12:16','2','login'),(233,'2018-01-02 11:14:03','2','login'),(234,'2018-01-02 11:15:15','2','login'),(235,'2018-01-02 11:23:53','2','login'),(236,'2018-01-02 11:28:25','2','login'),(237,'2018-01-02 12:00:21','2','login'),(238,'2018-01-02 12:02:41','2','login'),(239,'2018-01-02 12:04:53','2','login'),(240,'2018-01-02 12:07:37','2','login'),(241,'2018-01-02 12:08:15','2','login'),(242,'2018-01-02 12:11:12','2','login'),(243,'2018-01-02 12:21:55','2','login'),(244,'2018-01-02 12:25:04','2','login'),(245,'2018-01-02 12:28:15','2','login'),(246,'2018-01-02 12:35:15','2','login'),(247,'2018-01-02 12:38:19','2','login'),(248,'2018-01-02 12:39:32','2','login'),(249,'2018-01-02 12:41:52','2','login'),(250,'2018-01-02 12:45:04','2','login'),(251,'2018-01-02 12:46:01','2','login'),(252,'2018-01-02 12:49:12','2','login'),(253,'2018-01-02 12:50:15','2','login'),(254,'2018-01-02 12:51:07','2','logout'),(255,'2018-01-02 12:51:13','1','login'),(256,'2018-01-02 12:54:29','1','login'),(257,'2018-01-02 13:00:01','2','login'),(258,'2018-01-02 14:30:41','2','login'),(259,'2018-01-02 14:32:03','2','login'),(260,'2018-01-02 14:34:28','2','login'),(261,'2018-01-02 14:39:07','2','login'),(262,'2018-01-02 14:55:34','2','login'),(263,'2018-01-02 15:37:11','2','login'),(264,'2018-01-02 16:00:50','2','login'),(265,'2018-01-02 16:04:58','2','login'),(266,'2018-01-02 16:08:32','2','login'),(267,'2018-01-02 16:12:11','2','login'),(268,'2018-01-02 16:50:16','2','login'),(269,'2018-01-02 18:02:59','1','login'),(270,'2018-01-02 18:03:04','1','logout'),(271,'2018-01-02 18:03:12','2','login'),(272,'2018-01-03 11:07:52','2','login'),(273,'2018-01-03 11:34:21','2','login'),(274,'2018-01-03 12:26:52','2','login'),(275,'2018-01-03 12:29:22','2','login'),(276,'2018-01-03 12:30:54','2','login'),(277,'2018-01-03 12:37:20','2','login'),(278,'2018-01-03 12:47:51','2','login'),(279,'2018-01-03 12:50:29','2','login'),(280,'2018-01-03 12:52:08','2','login'),(281,'2018-01-03 12:56:19','2','login'),(282,'2018-01-03 12:57:41','2','login'),(283,'2018-01-03 13:00:30','2','login'),(284,'2018-01-03 13:01:41','2','login'),(285,'2018-01-03 13:03:51','2','login'),(286,'2018-01-03 13:06:25','2','login'),(287,'2018-01-03 13:11:28','2','login'),(288,'2018-01-03 13:13:47','2','login'),(289,'2018-01-03 13:15:11','2','login'),(290,'2018-01-03 13:15:45','2','login'),(291,'2018-01-03 13:20:48','2','login'),(292,'2018-01-03 13:23:21','2','login'),(293,'2018-01-03 13:25:55','2','login'),(294,'2018-01-03 13:38:46','2','login'),(295,'2018-01-03 14:41:36','2','login'),(296,'2018-01-03 14:44:51','2','login'),(297,'2018-01-03 15:02:44','2','login'),(298,'2018-01-03 15:06:39','2','login'),(299,'2018-01-03 15:11:06','2','login'),(300,'2018-01-03 15:14:48','2','login'),(301,'2018-01-03 15:51:44','2','login'),(302,'2018-01-03 15:52:27','2','logout'),(303,'2018-01-03 15:52:32','1','login'),(304,'2018-01-03 15:53:01','1','logout'),(305,'2018-01-03 16:02:40','2','login'),(306,'2018-01-03 16:42:17','2','login'),(307,'2018-01-03 17:55:21','2','login'),(308,'2018-01-04 10:59:06','2','login'),(309,'2018-01-04 11:39:48','2','login'),(310,'2018-01-04 11:44:44','2','logout'),(311,'2018-01-04 11:50:14','2','login'),(312,'2018-01-04 11:55:40','2','logout'),(313,'2018-01-04 11:55:48','12','login'),(314,'2018-01-04 11:59:02','12','logout'),(315,'2018-01-04 11:59:11','2','login'),(316,'2018-01-04 11:59:51','2','logout'),(317,'2018-01-04 12:01:27','2','login'),(318,'2018-01-04 12:03:06','2','logout'),(319,'2018-01-04 12:03:17','5','login'),(320,'2018-01-04 12:05:11','5','logout'),(321,'2018-01-04 12:05:19','2','login'),(322,'2018-01-04 12:59:50','2','login'),(323,'2018-01-04 13:01:58','2','login'),(324,'2018-01-04 16:40:31','2','login'),(325,'2018-01-04 16:41:24','2','login'),(326,'2018-01-04 16:53:15','2','login'),(327,'2018-01-04 16:55:39','2','login'),(328,'2018-01-04 16:56:22','2','login'),(329,'2018-01-05 11:17:29','2','login'),(330,'2018-01-05 14:20:33','2','login'),(331,'2018-01-05 16:55:57','2','login'),(332,'2018-01-05 17:44:44','2','login'),(333,'2018-01-06 11:05:46','2','login'),(334,'2018-01-06 11:22:54','2','login'),(335,'2018-01-06 12:22:00','2','login'),(336,'2018-01-06 12:32:46','2','login'),(337,'2018-01-06 12:35:47','2','login'),(338,'2018-01-06 12:40:11','2','login'),(339,'2018-01-06 12:44:26','2','login'),(340,'2018-01-06 12:46:24','2','login'),(341,'2018-01-06 12:54:33','2','login'),(342,'2018-01-06 12:57:11','2','login'),(343,'2018-01-06 12:57:19','2','logout'),(344,'2018-01-06 12:58:56','2','login'),(345,'2018-01-06 12:59:13','2','logout'),(346,'2018-01-06 12:59:51','2','login'),(347,'2018-01-06 13:00:22','2','logout'),(348,'2018-01-06 13:01:58','2','login'),(349,'2018-01-06 13:02:27','2','logout'),(350,'2018-01-06 13:04:41','2','login'),(351,'2018-01-06 13:08:10','2','logout'),(352,'2018-01-06 13:11:14','2','login'),(353,'2018-01-06 13:11:23','2','logout'),(354,'2018-01-06 13:19:24','2','login'),(355,'2018-01-06 13:21:56','2','login'),(356,'2018-01-06 13:22:07','2','logout'),(357,'2018-01-06 13:23:21','2','login'),(358,'2018-01-06 13:23:52','2','logout'),(359,'2018-01-06 13:25:08','2','login'),(360,'2018-01-06 13:25:16','2','logout'),(361,'2018-01-06 13:31:41','2','login'),(362,'2018-01-06 13:33:07','2','login'),(363,'2018-01-06 13:36:27','2','login'),(364,'2018-01-06 14:22:25','2','login'),(365,'2018-01-08 11:13:44','2','login'),(366,'2018-01-08 11:40:23','2','login'),(367,'2018-01-08 12:32:37','2','login'),(368,'2018-01-08 13:17:18','2','login'),(369,'2018-01-08 14:48:36','2','login'),(370,'2018-01-08 14:52:04','2','login'),(371,'2018-01-08 15:33:15','2','login'),(372,'2018-01-08 15:33:37','2','logout'),(373,'2018-01-08 15:33:55','2','login'),(374,'2018-01-08 16:36:12','2','login'),(375,'2018-01-08 16:37:47','2','login'),(376,'2018-01-08 16:37:59','2','logout'),(377,'2018-01-08 16:38:07','2','login'),(378,'2018-01-08 16:39:05','2','login'),(379,'2018-01-08 16:39:12','2','logout'),(380,'2018-01-08 16:39:22','2','login'),(381,'2018-01-09 11:20:55','2','login'),(382,'2018-01-09 12:04:05','2','login'),(383,'2018-01-09 17:31:19','2','login'),(384,'2018-01-10 15:24:27','2','login'),(385,'2018-01-10 15:27:13','2','login'),(386,'2018-01-10 15:28:32','2','login'),(387,'2018-01-10 15:31:34','2','login'),(388,'2018-01-10 15:35:21','2','login'),(389,'2018-01-10 15:55:06','2','login'),(390,'2018-01-10 15:56:51','2','login'),(391,'2018-01-10 16:02:14','2','login'),(392,'2018-01-10 16:07:53','2','login'),(393,'2018-01-10 16:08:02','2','logout'),(394,'2018-01-10 16:10:08','2','login'),(395,'2018-01-10 16:16:55','2','login'),(396,'2018-01-10 16:25:15','2','logout'),(397,'2018-01-10 16:43:10','2','login'),(398,'2018-01-10 16:59:42','2','logout'),(399,'2018-01-10 17:00:37','2','login'),(400,'2018-01-10 17:03:08','2','logout'),(401,'2018-01-10 17:04:28','2','login'),(402,'2018-01-10 17:06:17','2','logout'),(403,'2018-01-10 17:08:27','2','login'),(404,'2018-01-10 17:08:31','2','logout'),(405,'2018-01-10 17:10:01','2','login'),(406,'2018-01-10 17:10:07','2','logout'),(407,'2018-01-10 17:11:38','2','login'),(408,'2018-01-10 17:12:10','2','logout'),(409,'2018-01-10 17:15:44','2','login'),(410,'2018-01-10 17:15:53','2','logout'),(411,'2018-01-10 17:17:30','2','login'),(412,'2018-01-10 18:11:10','2','login'),(413,'2018-01-10 18:28:01','2','login'),(414,'2018-01-10 18:29:14','2','logout'),(415,'2018-01-12 11:16:34','2','login'),(416,'2018-01-12 12:02:33','2','login'),(417,'2018-01-12 12:16:16','2','login'),(418,'2018-01-12 12:37:09','2','login'),(419,'2018-01-12 13:02:33','2','login'),(420,'2018-01-12 13:46:58','2','login'),(421,'2018-01-12 13:50:19','2','login'),(422,'2018-01-12 14:42:06','2','login'),(423,'2018-01-12 14:45:45','2','login'),(424,'2018-01-12 14:47:50','2','login'),(425,'2018-01-12 14:53:14','2','login'),(426,'2018-01-12 14:57:05','2','login'),(427,'2018-01-12 16:42:54','2','login'),(428,'2018-01-12 16:53:00','2','login'),(429,'2018-01-12 16:55:02','2','login'),(430,'2018-01-12 17:33:06','2','login'),(431,'2018-01-13 10:58:56','2','login'),(432,'2018-01-13 14:02:38','2','login'),(433,'2018-01-13 14:37:35','2','logout'),(434,'2018-01-18 11:10:30','2','login'),(435,'2018-01-18 11:35:26','2','login'),(436,'2018-01-18 11:42:24','2','login'),(437,'2018-01-19 11:12:01','2','login'),(438,'2018-01-19 12:06:54','2','login'),(439,'2018-01-19 12:55:05','2','login'),(440,'2018-01-19 12:59:08','2','login'),(441,'2018-01-19 13:25:02','2','login'),(442,'2018-01-19 15:10:33','2','login'),(443,'2018-01-19 15:54:24','2','login'),(444,'2018-01-19 17:13:17','2','login'),(445,'2018-01-19 17:15:47','2','login'),(446,'2018-01-20 10:57:22','2','login'),(447,'2018-01-20 11:07:56','2','login'),(448,'2018-01-20 11:20:06','2','login'),(449,'2018-01-20 11:38:06','2','login'),(450,'2018-01-20 11:45:03','2','login'),(451,'2018-01-20 11:47:47','2','login'),(452,'2018-01-20 11:51:54','2','login'),(453,'2018-01-20 11:53:09','2','login'),(454,'2018-01-20 11:57:15','2','login'),(455,'2018-01-20 12:01:09','2','login'),(456,'2018-01-20 12:03:42','2','login'),(457,'2018-01-20 12:05:55','2','login'),(458,'2018-01-20 12:08:52','2','login'),(459,'2018-01-20 12:13:24','2','login'),(460,'2018-01-20 12:33:40','2','login'),(461,'2018-01-20 14:23:29','2','login'),(462,'2018-01-20 15:58:23','2','login'),(463,'2018-01-20 16:25:01','2','login'),(464,'2018-01-20 16:38:15','2','login'),(465,'2018-01-20 16:55:08','2','login'),(466,'2018-01-20 16:58:18','15','login'),(467,'2018-01-20 17:04:13','15','login'),(468,'2018-01-20 17:18:50','2','login'),(469,'2018-01-20 17:20:01','15','login'),(470,'2018-01-20 17:55:01','2','login'),(471,'2018-01-20 17:57:01','2','logout'),(472,'2018-01-20 17:57:08','15','login'),(473,'2018-01-22 09:56:39','2','login'),(474,'2018-01-22 10:31:41','2','logout'),(475,'2018-01-22 10:31:48','15','login'),(476,'2018-01-22 10:34:44','15','logout'),(477,'2018-01-22 10:35:38','15','login'),(478,'2018-01-22 10:41:09','15','login'),(479,'2018-01-22 11:43:07','15','login'),(480,'2018-01-22 11:45:03','15','login'),(481,'2018-01-22 11:51:22','15','login'),(482,'2018-01-22 11:54:47','2','login'),(483,'2018-01-22 11:54:55','2','logout'),(484,'2018-01-22 11:55:05','15','login'),(485,'2018-01-22 12:07:20','15','login'),(486,'2018-01-22 12:12:54','2','login'),(487,'2018-01-22 12:13:18','2','logout'),(488,'2018-01-22 12:13:25','15','login'),(489,'2018-01-22 12:15:34','15','login'),(490,'2018-01-22 12:16:47','15','login'),(491,'2018-01-22 12:30:07','2','login'),(492,'2018-01-22 12:30:53','2','logout'),(493,'2018-01-22 12:31:28','2','login'),(494,'2018-01-22 13:43:15','2','login'),(495,'2018-01-22 16:17:48','1','login'),(496,'2018-01-22 16:21:27','1','login'),(497,'2018-01-22 16:24:21','1','login'),(498,'2018-01-22 16:26:34','1','login'),(499,'2018-01-22 16:30:44','1','login'),(500,'2018-01-22 16:38:50','2','login'),(501,'2018-01-22 16:48:13','2','login'),(502,'2018-01-22 17:15:54','1','login'),(503,'2018-01-22 18:07:28','1','login'),(504,'2018-01-22 18:22:37','2','login'),(505,'2018-01-22 18:29:33','2','logout'),(506,'2018-01-22 18:29:41','8','login'),(507,'2018-01-22 18:30:46','8','logout'),(508,'2018-01-22 18:30:58','7','login'),(509,'2018-01-22 18:31:17','7','logout'),(510,'2018-01-22 18:32:31','1','login'),(511,'2018-01-22 18:33:12','1','logout'),(512,'2018-01-22 18:33:20','5','login'),(513,'2018-01-22 18:33:45','5','logout'),(514,'2018-01-22 18:33:58','4','login'),(515,'2018-01-22 18:34:19','4','logout'),(516,'2018-01-22 18:34:28','2','login'),(517,'2018-01-23 09:46:07','2','login'),(518,'2018-01-23 09:57:21','2','login'),(519,'2018-01-23 11:28:25','2','login'),(520,'2018-01-23 11:38:24','2','login'),(521,'2018-01-23 12:36:21','2','login'),(522,'2018-01-23 13:22:47','2','login'),(523,'2018-01-23 13:52:48','2','login'),(524,'2018-01-23 14:06:14','2','login'),(525,'2018-01-23 14:13:25','2','login'),(526,'2018-01-23 14:15:14','2','login'),(527,'2018-01-23 14:21:27','2','login'),(528,'2018-01-23 14:23:14','2','login'),(529,'2018-01-23 14:27:04','2','login'),(530,'2018-01-23 14:52:31','2','login'),(531,'2018-01-23 15:04:23','8','login'),(532,'2018-01-23 15:06:19','8','login'),(533,'2018-01-23 15:37:50','2','login'),(534,'2018-01-23 15:43:50','2','login'),(535,'2018-01-23 15:45:49','2','login'),(536,'2018-01-24 10:43:33','2','login'),(537,'2018-01-24 10:43:33','2','login'),(538,'2018-01-24 10:54:20','2','login'),(539,'2018-01-24 11:00:00','2','login'),(540,'2018-01-24 11:03:44','2','login'),(541,'2018-01-24 11:11:00','2','login'),(542,'2018-01-24 11:20:43','2','login'),(543,'2018-01-24 11:29:28','2','login'),(544,'2018-01-24 11:33:05','2','login'),(545,'2018-01-24 11:37:34','2','login'),(546,'2018-01-24 11:40:54','2','login'),(547,'2018-01-24 12:47:01','2','login'),(548,'2018-01-24 12:50:33','2','login'),(549,'2018-01-24 13:27:49','2','login'),(550,'2018-01-24 14:10:25','2','login'),(551,'2018-01-24 14:52:27','2','login'),(552,'2018-01-24 15:42:49','2','login'),(553,'2018-01-24 15:45:49','2','login'),(554,'2018-01-24 16:04:44','2','login'),(555,'2018-01-24 17:09:42','1','login'),(556,'2018-01-24 17:44:34','2','login'),(557,'2018-01-24 17:52:39','2','logout'),(558,'2018-01-24 17:53:25','2','login'),(559,'2018-01-24 18:08:50','2','login'),(560,'2018-01-24 18:15:48','2','logout'),(561,'2018-01-24 18:16:14','2','login'),(562,'2018-01-25 10:18:03','1','login'),(563,'2018-01-25 10:20:24','2','login'),(564,'2018-01-25 10:26:24','2','login'),(565,'2018-01-25 10:28:32','2','login'),(566,'2018-01-25 10:31:57','2','login'),(567,'2018-01-25 10:33:54','1','login'),(568,'2018-01-25 10:38:48','2','login'),(569,'2018-01-25 10:42:05','2','login'),(570,'2018-01-25 10:46:59','2','login'),(571,'2018-01-25 10:52:54','2','login'),(572,'2018-01-25 10:56:17','2','login'),(573,'2018-01-25 11:02:56','2','login'),(574,'2018-01-25 11:09:50','2','login'),(575,'2018-01-25 11:16:51','2','login'),(576,'2018-01-25 11:23:34','2','login'),(577,'2018-01-25 11:37:29','2','login'),(578,'2018-01-25 12:01:30','2','login'),(579,'2018-01-25 12:04:26','2','login'),(580,'2018-01-25 12:17:29','2','login'),(581,'2018-01-25 12:30:49','1','login'),(582,'2018-01-25 12:51:33','2','login'),(583,'2018-01-25 12:54:04','2','login'),(584,'2018-01-25 12:57:58','2','login'),(585,'2018-01-25 13:14:47','2','login'),(586,'2018-01-25 13:20:58','2','login'),(587,'2018-01-25 13:22:56','2','login'),(588,'2018-01-25 13:27:58','1','login'),(589,'2018-01-25 13:33:20','1','login'),(590,'2018-01-25 14:11:02','2','login'),(591,'2018-01-25 14:15:12','2','login'),(592,'2018-01-25 14:19:48','1','login'),(593,'2018-01-25 14:29:44','1','login'),(594,'2018-01-25 14:39:56','2','login'),(595,'2018-01-25 14:48:19','2','logout'),(596,'2018-01-25 14:48:35','2','login'),(597,'2018-01-25 14:49:14','2','logout'),(598,'2018-01-25 15:08:51','2','login'),(599,'2018-01-25 15:16:21','2','login'),(600,'2018-01-25 17:17:23','1','login'),(601,'2018-01-25 17:17:29','1','login'),(602,'2018-01-25 17:21:45','1','login'),(603,'2018-01-25 17:57:18','2','login'),(604,'2018-01-25 18:00:18','2','login'),(605,'2018-01-25 18:02:39','2','login'),(606,'2018-01-25 18:04:25','2','login'),(607,'2018-01-25 18:06:12','2','login'),(608,'2018-01-25 18:07:18','2','login'),(609,'2018-01-25 18:12:54','2','login'),(610,'2018-01-25 18:18:09','2','login'),(611,'2018-01-25 18:22:28','2','login'),(612,'2018-01-25 18:33:00','2','login'),(613,'2018-01-25 18:35:23','2','login'),(614,'2018-01-25 18:41:05','2','login'),(615,'2018-01-25 18:50:44','2','login'),(616,'2018-01-26 10:12:58','2','login'),(617,'2018-01-26 11:42:22','2','login'),(618,'2018-01-26 11:44:49','2','login'),(619,'2018-01-26 11:47:29','1','login'),(620,'2018-01-26 11:50:55','2','login'),(621,'2018-01-26 11:54:17','2','login'),(622,'2018-01-26 12:23:47','2','login'),(623,'2018-01-26 12:23:54','2','logout'),(624,'2018-01-26 12:24:35','2','login'),(625,'2018-01-26 12:24:51','2','logout'),(626,'2018-01-26 12:25:25','2','login'),(627,'2018-01-26 12:26:17','2','login'),(628,'2018-01-26 12:28:53','2','login'),(629,'2018-01-26 12:31:58','2','login'),(630,'2018-01-26 12:35:19','2','login'),(631,'2018-01-26 12:42:53','2','login'),(632,'2018-01-26 13:58:23','2','login'),(633,'2018-01-27 15:18:41','1','login'),(634,'2018-01-27 15:28:32','2','login'),(635,'2018-01-27 15:33:55','2','login'),(636,'2018-01-27 15:43:10','2','login'),(637,'2018-01-27 16:20:52','2','login'),(638,'2018-01-27 16:59:54','2','login'),(639,'2018-01-27 17:03:28','2','login'),(640,'2018-01-27 17:12:22','2','login'),(641,'2018-01-27 17:32:06','2','login'),(642,'2018-01-27 17:36:08','2','login'),(643,'2018-01-27 17:38:44','2','login'),(644,'2018-01-27 17:42:06','2','login'),(645,'2018-01-27 17:57:41','2','login'),(646,'2018-01-27 18:00:35','2','login'),(647,'2018-01-27 18:06:28','2','login'),(648,'2018-01-27 18:18:01','2','login'),(649,'2018-01-29 10:28:11','2','login'),(650,'2018-01-29 11:53:11','1','login'),(651,'2018-01-29 11:55:36','2','login'),(652,'2018-01-29 12:02:50','2','login'),(653,'2018-01-29 12:10:47','2','login'),(654,'2018-01-29 12:26:31','2','login'),(655,'2018-01-29 12:40:23','2','login'),(656,'2018-01-29 12:53:20','2','login'),(657,'2018-01-29 13:03:19','2','login'),(658,'2018-01-29 14:49:28','2','login'),(659,'2018-01-29 14:51:07','2','login'),(660,'2018-01-29 15:00:43','2','login'),(661,'2018-01-29 15:09:19','2','login'),(662,'2018-01-29 15:12:49','2','login'),(663,'2018-01-29 15:15:21','2','login'),(664,'2018-01-29 15:16:41','2','login'),(665,'2018-01-29 15:23:26','2','login'),(666,'2018-01-29 15:29:06','2','login'),(667,'2018-01-29 15:38:43','2','login'),(668,'2018-01-29 15:41:33','2','login'),(669,'2018-01-29 16:00:03','2','login'),(670,'2018-01-29 16:02:13','2','login'),(671,'2018-01-29 16:10:36','2','login'),(672,'2018-01-29 16:36:01','2','login'),(673,'2018-01-29 16:38:40','2','login'),(674,'2018-01-29 16:41:47','2','login'),(675,'2018-01-29 17:07:09','2','login'),(676,'2018-01-29 17:14:13','2','login'),(677,'2018-01-29 17:27:58','2','login'),(678,'2018-01-29 17:30:34','2','login'),(679,'2018-01-29 17:37:20','2','login'),(680,'2018-01-29 17:48:50','2','login'),(681,'2018-01-29 18:18:15','2','login'),(682,'2018-01-29 18:39:14','1','login'),(683,'2018-01-30 10:25:10','2','login'),(684,'2018-01-30 11:03:05','2','login'),(685,'2018-01-30 11:06:03','2','login'),(686,'2018-01-30 11:10:02','2','login'),(687,'2018-01-30 11:46:26','2','login'),(688,'2018-01-30 11:52:13','2','login'),(689,'2018-01-30 13:04:26','2','login'),(690,'2018-01-30 13:15:08','2','login'),(691,'2018-01-30 13:19:47','1','login'),(692,'2018-01-30 13:20:43','1','login'),(693,'2018-01-30 15:30:31','2','login'),(694,'2018-01-30 15:59:02','2','login'),(695,'2018-01-30 16:08:49','2','login'),(696,'2018-01-30 16:25:54','2','login'),(697,'2018-01-30 16:39:45','2','login'),(698,'2018-01-30 17:41:06','2','login'),(699,'2018-01-30 18:10:32','2','login'),(700,'2018-01-30 18:16:38','2','login'),(701,'2018-01-30 18:21:21','2','login'),(702,'2018-01-30 18:29:48','2','login'),(703,'2018-01-31 09:57:41','2','login'),(704,'2018-01-31 10:07:46','2','login'),(705,'2018-01-31 10:10:03','2','login'),(706,'2018-01-31 10:56:55','2','login'),(707,'2018-01-31 11:05:27','2','login'),(708,'2018-01-31 11:11:49','2','login'),(709,'2018-01-31 11:36:55','2','login'),(710,'2018-01-31 12:13:41','2','login'),(711,'2018-01-31 12:25:11','2','login'),(712,'2018-01-31 14:12:25','2','login'),(713,'2018-01-31 14:24:49','2','login'),(714,'2018-01-31 14:41:38','2','login'),(715,'2018-01-31 15:22:12','2','login'),(716,'2018-01-31 15:43:27','2','login'),(717,'2018-01-31 16:02:45','2','login'),(718,'2018-01-31 16:13:50','2','login'),(719,'2018-01-31 16:48:23','2','login'),(720,'2018-01-31 17:06:19','2','login'),(721,'2018-01-31 17:23:49','2','login'),(722,'2018-01-31 18:22:00','2','login'),(723,'2018-01-31 18:34:42','2','login'),(724,'2018-02-01 10:03:18','2','login'),(725,'2018-02-01 10:39:16','2','login'),(726,'2018-02-01 10:45:45','2','login'),(727,'2018-02-01 10:50:36','2','login'),(728,'2018-02-01 11:58:34','2','login'),(729,'2018-02-01 12:20:47','2','login'),(730,'2018-02-01 12:26:19','2','login'),(731,'2018-02-01 12:33:51','2','login'),(732,'2018-02-01 12:44:41','2','login'),(733,'2018-02-01 12:56:22','2','login'),(734,'2018-02-01 13:10:18','2','login'),(735,'2018-02-01 14:04:37','1','login'),(736,'2018-02-01 14:06:04','1','logout'),(737,'2018-02-01 14:06:11','2','login'),(738,'2018-02-01 14:23:26','1','login'),(739,'2018-02-01 14:27:06','1','logout'),(740,'2018-02-01 14:27:13','2','login'),(741,'2018-02-01 14:36:10','2','login'),(742,'2018-02-01 14:38:49','1','login'),(743,'2018-02-01 15:15:25','2','login'),(744,'2018-02-01 16:51:59','2','login'),(745,'2018-02-01 17:05:21','2','login'),(746,'2018-02-01 17:15:08','2','login'),(747,'2018-02-01 17:39:06','2','login'),(748,'2018-02-01 17:40:51','2','login'),(749,'2018-02-01 17:49:26','2','login'),(750,'2018-02-01 18:03:39','2','login'),(751,'2018-02-01 18:39:36','2','login'),(752,'2018-02-02 10:03:32','2','login'),(753,'2018-02-02 10:17:40','2','login'),(754,'2018-02-02 12:15:02','2','login'),(755,'2018-02-02 13:02:28','2','login'),(756,'2018-02-02 15:00:22','2','login'),(757,'2018-02-02 16:03:48','2','login'),(758,'2018-02-02 16:09:53','2','login'),(759,'2018-02-02 16:21:37','2','login'),(760,'2018-02-02 16:30:16','2','login'),(761,'2018-02-02 18:10:19','2','login'),(762,'2018-02-02 18:18:09','2','login'),(763,'2018-02-02 18:51:35','2','login'),(764,'2018-02-02 18:52:27','2','logout'),(765,'2018-02-02 18:52:37','5','login'),(766,'2018-02-02 18:52:55','5','logout'),(767,'2018-02-03 10:30:21','2','login'),(768,'2018-02-03 10:33:43','2','login'),(769,'2018-02-03 10:40:56','2','login'),(770,'2018-02-03 11:24:18','2','login'),(771,'2018-02-03 11:33:53','2','login'),(772,'2018-02-03 11:43:06','2','login'),(773,'2018-02-03 11:59:52','2','login'),(774,'2018-02-03 12:47:36','2','login'),(775,'2018-02-03 12:58:29','2','login'),(776,'2018-02-03 12:58:59','2','logout'),(777,'2018-02-03 13:00:15','2','login'),(778,'2018-02-03 13:01:02','2','logout'),(779,'2018-02-03 13:05:12','2','login'),(780,'2018-02-03 13:15:24','2','login'),(781,'2018-02-03 14:13:54','2','login'),(782,'2018-02-03 14:14:02','2','logout'),(783,'2018-02-03 14:14:11','5','login'),(784,'2018-02-03 14:40:10','2','login'),(785,'2018-02-03 14:41:52','2','logout'),(786,'2018-02-03 14:42:01','5','login'),(787,'2018-02-03 14:57:20','5','logout'),(788,'2018-02-03 14:57:28','5','login'),(789,'2018-02-03 15:00:15','5','login'),(790,'2018-02-03 16:31:54','2','login'),(791,'2018-02-03 17:22:48','2','login'),(792,'2018-02-03 17:27:39','2','login'),(793,'2018-02-03 17:31:35','2','login'),(794,'2018-02-05 10:03:43','2','login'),(795,'2018-02-05 10:09:26','2','logout'),(796,'2018-02-05 10:10:07','5','login'),(797,'2018-02-05 10:24:33','5','logout'),(798,'2018-02-05 10:24:47','2','login'),(799,'2018-02-05 10:39:20','2','login'),(800,'2018-02-05 10:42:43','2','login'),(801,'2018-02-05 10:44:47','2','login'),(802,'2018-02-05 11:59:12','2','login'),(803,'2018-02-05 12:22:58','2','login'),(804,'2018-02-05 12:31:30','2','login'),(805,'2018-02-05 12:45:41','2','login'),(806,'2018-02-05 13:02:53','2','login'),(807,'2018-02-05 13:13:49','2','login'),(808,'2018-02-05 13:16:27','2','login'),(809,'2018-02-05 13:23:44','2','login'),(810,'2018-02-05 13:25:59','2','login'),(811,'2018-02-05 13:31:41','2','login'),(812,'2018-02-05 13:33:23','2','login'),(813,'2018-02-05 13:35:49','2','login'),(814,'2018-02-05 13:38:08','2','login'),(815,'2018-02-05 13:41:03','2','login'),(816,'2018-02-05 13:51:56','2','login'),(817,'2018-02-05 14:37:28','2','logout'),(818,'2018-02-05 14:37:35','5','login'),(819,'2018-02-05 14:50:24','2','login'),(820,'2018-02-05 17:36:15','2','login'),(821,'2018-02-05 17:40:46','2','login'),(822,'2018-02-05 17:50:47','2','login'),(823,'2018-02-05 17:55:29','2','logout'),(824,'2018-02-05 17:55:41','5','login'),(825,'2018-02-05 17:56:38','5','logout'),(826,'2018-02-05 17:56:46','5','login'),(827,'2018-02-05 18:00:59','2','login'),(828,'2018-02-05 18:03:05','2','logout'),(829,'2018-02-05 18:03:12','2','login'),(830,'2018-02-05 18:04:16','2','login'),(831,'2018-02-05 18:31:37','2','login'),(832,'2018-02-05 18:33:28','2','login'),(833,'2018-02-05 18:35:28','2','login'),(834,'2018-02-05 18:37:27','2','logout'),(835,'2018-02-05 18:37:36','2','login'),(836,'2018-02-05 18:39:18','2','logout'),(837,'2018-02-05 18:39:31','5','login'),(838,'2018-02-05 18:39:45','5','logout'),(839,'2018-02-05 18:40:02','1','login'),(840,'2018-02-05 18:40:30','1','logout'),(841,'2018-02-05 18:42:26','2','login'),(842,'2018-02-05 19:16:20','2','login'),(843,'2018-02-05 19:17:28','2','logout'),(844,'2018-02-06 10:53:44','2','login'),(845,'2018-02-06 12:00:38','1','login'),(846,'2018-02-06 12:06:05','1','logout'),(847,'2018-02-06 12:06:16','1','login'),(848,'2018-02-06 15:50:02','2','login'),(849,'2018-02-06 17:14:56','5','login'),(850,'2018-02-06 17:21:21','2','login'),(851,'2018-02-06 17:27:02','5','login'),(852,'2018-02-06 17:28:07','2','login'),(853,'2018-02-06 17:31:56','5','login'),(854,'2018-02-06 17:34:36','5','login'),(855,'2018-02-06 17:52:16','5','login'),(856,'2018-02-06 17:54:36','5','login'),(857,'2018-02-06 17:59:02','5','login'),(858,'2018-02-06 18:00:37','5','login'),(859,'2018-02-06 18:17:34','2','login'),(860,'2018-02-06 18:18:23','2','logout'),(861,'2018-02-06 18:18:29','5','login'),(862,'2018-02-06 18:29:03','5','login'),(863,'2018-02-06 18:32:47','5','login'),(864,'2018-02-06 18:37:28','5','login'),(865,'2018-02-06 18:59:39','2','login'),(866,'2018-02-06 19:00:05','2','logout'),(867,'2018-02-06 19:00:12','5','login'),(868,'2018-02-06 19:03:19','2','login'),(869,'2018-02-07 11:02:53','2','login'),(870,'2018-02-07 11:29:57','2','login'),(871,'2018-02-07 11:32:23','2','login'),(872,'2018-02-07 11:38:28','2','login'),(873,'2018-02-07 11:50:23','2','login'),(874,'2018-02-07 11:55:19','2','login'),(875,'2018-02-07 12:09:12','2','login'),(876,'2018-02-07 12:22:58','2','login'),(877,'2018-02-07 12:29:58','2','login'),(878,'2018-02-07 12:37:51','2','login'),(879,'2018-02-07 12:39:07','2','login'),(880,'2018-02-07 12:43:19','2','login'),(881,'2018-02-07 12:46:45','2','login'),(882,'2018-02-07 12:49:39','2','login'),(883,'2018-02-07 12:53:37','2','login'),(884,'2018-02-07 13:08:53','2','login'),(885,'2018-02-07 13:49:02','2','login'),(886,'2018-02-07 14:46:57','2','login'),(887,'2018-02-07 14:52:37','2','login'),(888,'2018-02-07 14:54:56','2','login'),(889,'2018-02-07 14:56:21','2','login'),(890,'2018-02-07 15:14:31','2','login'),(891,'2018-02-07 15:20:21','2','login'),(892,'2018-02-07 15:25:43','2','login'),(893,'2018-02-07 15:28:07','2','login'),(894,'2018-02-07 15:38:37','2','login'),(895,'2018-02-07 16:28:08','2','login'),(896,'2018-02-07 16:32:16','2','logout'),(897,'2018-02-07 16:32:25','2','login'),(898,'2018-02-07 16:52:39','2','login'),(899,'2018-02-07 16:55:13','2','login'),(900,'2018-02-07 17:11:51','2','login'),(901,'2018-02-07 17:14:16','2','login'),(902,'2018-02-07 17:20:29','2','login'),(903,'2018-02-07 17:40:50','2','login'),(904,'2018-02-07 17:45:10','2','login'),(905,'2018-02-07 17:53:17','2','login'),(906,'2018-02-07 18:07:16','2','login'),(907,'2018-02-07 18:23:30','2','login'),(908,'2018-02-07 18:32:45','2','login'),(909,'2018-02-07 18:36:17','5','login'),(910,'2018-02-07 18:38:02','2','login'),(911,'2018-02-07 18:40:16','2','login'),(912,'2018-02-07 18:45:01','2','login'),(913,'2018-02-07 18:56:06','2','login'),(914,'2018-02-07 18:59:56','1','login'),(915,'2018-02-07 19:02:30','2','login'),(916,'2018-02-07 19:03:24','2','login'),(917,'2018-02-07 19:06:53','2','login'),(918,'2018-02-08 10:03:51','1','login'),(919,'2018-02-08 10:54:04','1','logout'),(920,'2018-02-08 10:54:11','5','login'),(921,'2018-02-08 12:26:13','2','login'),(922,'2018-02-08 12:37:54','2','logout'),(923,'2018-02-08 12:38:02','5','login'),(924,'2018-02-08 12:39:32','5','logout'),(925,'2018-02-08 12:40:01','2','login'),(926,'2018-02-08 12:40:26','2','logout'),(927,'2018-02-08 12:40:34','1','login'),(928,'2018-02-08 13:03:12','2','login'),(929,'2018-02-08 14:01:24','2','login'),(930,'2018-02-08 14:03:47','2','login'),(931,'2018-02-08 14:11:29','2','login'),(932,'2018-02-08 14:15:48','2','login'),(933,'2018-02-08 14:22:51','2','login'),(934,'2018-02-08 14:26:09','2','login'),(935,'2018-02-08 14:34:04','2','login'),(936,'2018-02-08 14:34:41','2','login'),(937,'2018-02-08 14:56:24','2','login'),(938,'2018-02-08 15:02:51','2','login'),(939,'2018-02-08 15:04:06','2','login'),(940,'2018-02-08 15:07:14','2','login'),(941,'2018-02-08 15:12:08','2','login'),(942,'2018-02-08 15:17:38','2','login'),(943,'2018-02-08 15:31:07','2','login'),(944,'2018-02-08 15:39:09','2','login'),(945,'2018-02-08 15:47:59','2','login'),(946,'2018-02-08 17:07:50','2','login'),(947,'2018-02-08 17:18:18','2','login'),(948,'2018-02-08 17:33:00','2','login'),(949,'2018-02-08 18:21:10','1','login'),(950,'2018-02-09 10:13:18','1','login'),(951,'2018-02-09 11:02:02','1','login'),(952,'2018-02-09 11:43:36','1','login'),(953,'2018-02-09 12:46:32','2','login'),(954,'2018-02-09 12:48:39','2','login'),(955,'2018-02-09 13:04:02','2','login'),(956,'2018-02-09 13:11:24','1','login'),(957,'2018-02-09 13:40:45','2','login'),(958,'2018-02-09 14:52:26','1','login'),(959,'2018-02-09 15:10:52','2','login'),(960,'2018-02-09 15:37:06','2','login'),(961,'2018-02-09 16:06:16','2','login'),(962,'2018-02-09 17:14:17','2','login'),(963,'2018-02-09 17:23:00','2','login'),(964,'2018-02-09 19:43:30','2','login'),(965,'2018-02-09 20:09:59','2','login'),(966,'2018-02-09 20:15:04','2','login'),(967,'2018-02-09 20:36:18','1','login'),(968,'2018-02-09 20:36:54','1','logout'),(969,'2018-02-09 20:37:02','2','login'),(970,'2018-02-10 10:13:16','2','login'),(971,'2018-02-10 10:46:14','2','login'),(972,'2018-02-10 12:35:38','1','login'),(973,'2018-02-10 12:37:52','1','logout'),(974,'2018-02-10 12:38:00','2','login'),(975,'2018-02-10 13:22:45','2','login'),(976,'2018-02-10 14:31:14','2','login'),(977,'2018-02-10 14:38:49','2','login'),(978,'2018-02-10 15:36:01','2','login'),(979,'2018-02-10 16:03:34','2','logout'),(980,'2018-02-10 16:03:42','1','login'),(981,'2018-02-10 16:18:43','2','login'),(982,'2018-02-10 16:19:05','2','logout'),(983,'2018-02-10 16:19:12','1','login'),(984,'2018-02-10 16:24:46','1','login'),(985,'2018-02-12 09:40:26','2','login'),(986,'2018-02-12 09:44:32','2','login'),(987,'2018-02-12 09:52:45','2','logout'),(988,'2018-02-12 10:45:29','1','login'),(989,'2018-02-12 11:07:08','1','login'),(990,'2018-02-12 11:25:38','1','logout'),(991,'2018-02-12 11:31:12','1','login'),(992,'2018-02-12 12:17:02','1','logout'),(993,'2018-02-12 12:40:54','1','login'),(994,'2018-02-12 12:41:54','1','logout'),(995,'2018-02-12 12:42:01','2','login'),(996,'2018-02-12 12:58:18','1','login'),(997,'2018-02-12 13:22:19','1','login'),(998,'2018-02-12 14:32:58','1','login'),(999,'2018-02-12 14:56:05','1','login'),(1000,'2018-02-12 15:07:17','1','login'),(1001,'2018-02-12 15:12:14','1','login'),(1002,'2018-02-12 15:34:11','1','login'),(1003,'2018-02-12 15:37:54','1','login'),(1004,'2018-02-12 16:52:39','1','login'),(1005,'2018-02-12 17:09:19','1','login'),(1006,'2018-02-12 18:24:52','1','login'),(1007,'2018-02-12 18:29:24','1','login'),(1008,'2018-02-12 18:31:39','1','logout'),(1009,'2018-02-12 18:31:48','2','login'),(1010,'2018-02-13 12:56:17','1','login'),(1011,'2018-02-13 14:14:52','1','login'),(1012,'2018-02-13 15:42:39','1','login'),(1013,'2018-02-13 16:12:19','1','logout'),(1014,'2018-02-13 16:12:43','2','login'),(1015,'2018-02-13 16:18:54','2','login'),(1016,'2018-02-13 16:32:43','2','login'),(1017,'2018-02-13 16:43:58','2','logout'),(1018,'2018-02-13 16:44:06','1','login'),(1019,'2018-02-13 17:04:45','1','login'),(1020,'2018-02-13 17:04:50','1','logout'),(1021,'2018-02-13 17:04:57','2','login'),(1022,'2018-02-13 17:05:12','2','logout'),(1023,'2018-02-13 17:05:19','5','login'),(1024,'2018-02-13 17:05:25','5','logout'),(1025,'2018-02-13 17:05:32','1','login');

/*Table structure for table `report_issue` */

DROP TABLE IF EXISTS `report_issue`;

CREATE TABLE `report_issue` (
  `id` int(11) NOT NULL AUTO_INCREMENT,
  `assignto` varchar(255) DEFAULT NULL,
  `category` varchar(255) DEFAULT NULL,
  `created_time` datetime DEFAULT NULL,
  `description` varchar(255) DEFAULT NULL,
  `priority` varchar(255) DEFAULT NULL,
  `severity` varchar(255) DEFAULT NULL,
  `subject` varchar(255) DEFAULT NULL,
  `updated_time` datetime DEFAULT NULL,
  `uploadfile` varchar(500) DEFAULT NULL,
  `assignby` varchar(255) DEFAULT NULL,
  `kstatus` varchar(255) DEFAULT NULL,
  `additionalinfo` varchar(255) DEFAULT NULL,
  `status` varchar(255) DEFAULT NULL,
  `taskno` varchar(255) DEFAULT NULL,
  `taskdeadline` varchar(255) DEFAULT NULL,
  PRIMARY KEY (`id`)
) ENGINE=InnoDB AUTO_INCREMENT=104 DEFAULT CHARSET=latin1;

/*Data for the table `report_issue` */

insert  into `report_issue`(`id`,`assignto`,`category`,`created_time`,`description`,`priority`,`severity`,`subject`,`updated_time`,`uploadfile`,`assignby`,`kstatus`,`additionalinfo`,`status`,`taskno`,`taskdeadline`) values (2,'2','1','2017-10-15 12:23:20','okay1','3','1','test55','2018-01-29 17:56:11','reportDocuments/VVS-logo.png','3',NULL,'0','0',NULL,'2019-01-29 17:56:11'),(5,'2','4','2017-12-15 12:23:20','check details','2','3','testtoraju1','2018-02-19 16:55:52','reportDocuments/projectasso_2.DOC','4','3','0','1',NULL,'2018-03-28T04:04'),(7,'4','6','2017-11-15 12:23:20','check test3','2','2','rajubandi255','2017-12-22 15:19:29','reportDocuments/Penguins.jpg','4','4','0','1',NULL,'2019-01-29 17:56:11'),(9,'2','6','2017-08-15 12:23:20','test for document 25','2','2','testt','2018-02-01 17:24:39','reportDocuments/catalina.2017-12-07.log','3','4','0','1',NULL,'2019-01-29 17:56:11'),(10,'2','2','2017-06-15 12:23:20','test for document 25','1','2','testfor post','2018-02-19 16:21:45','reportDocuments/catalina.2017-12-07.log','3','3','0','0',NULL,'2019-01-29 17:56:11'),(11,'12','4','2017-12-22 15:16:56','to work test to develop application','3','2','subject test','2018-01-30 11:07:43','git commands1517290663032.txt','3',NULL,'0','1',NULL,'2019-01-29 17:56:11'),(12,'9','1','2017-12-22 15:18:44','from raju checking ','1','1','subject test2','2017-12-28 14:23:34','reportDocuments/photo1 (1) (1).jpg','2','4','0','1',NULL,'2019-01-29 17:56:11'),(71,'6','4','2018-01-29 12:54:00','wedwedwe','2','2','wdwdw','2018-01-30 11:10:36','git commands1517290836073.txt','2',NULL,'0','1',NULL,'2019-01-29 17:56:11'),(72,'12','3','2018-01-30 11:03:33','qwewqewq','3','2','weewqe','2018-01-30 11:03:33','git commands.txt','2','2','0','1',NULL,'2019-01-29 17:56:11'),(73,'4','3','2018-01-31 12:14:26','werwerwerwerw','2','2','werwrwre','2018-01-31 12:14:26',NULL,'2','2','0','1','-751506205','2019-01-29 17:56:11'),(74,'2','2','2018-01-31 16:49:29','description changed1','2','2','wwwqewq','2018-02-19 17:04:55','dropdowen.txt*git commands1517397545951.txt','2','3','1','0','692','2018-02-21T01:59'),(75,'12','8','2018-01-31 18:23:37','werwerewrwe','2','2','werwr','2018-01-31 18:23:37',NULL,'2','2','0','1','OPHTG','2019-01-29 17:56:11'),(76,'7','5','2018-01-31 18:23:48','qwewqeqwewq','2','3','wewewqe','2018-01-31 18:23:48',NULL,'2','2','0','1','Q8WZO','2019-01-29 17:56:11'),(79,'2','1','2018-02-06 17:53:27','xvb','1','2','xcvxv','2018-02-19 16:55:54','kptms','5','3','0','1','1GYOZ','2018-02-12T16:04'),(80,'4','1','2018-02-06 17:55:49','cvbcbv','2','2','xcxcvvcxv','2018-02-06 17:55:49','todaywork - Copy - Copy (2)1517919948886.txt','5','2','0','1','7PHDD','2019-01-29 17:56:11'),(81,'14','3','2018-02-06 18:18:49','wrwrwer','1','2','werwer','2018-02-06 18:18:49',NULL,'5','2','0','1','DDNB4','2019-01-29 17:56:11'),(82,'14','4','2018-02-07 17:54:45','eqwew','2','2','qw','2018-02-07 17:54:45','todaywork - Copy1518006280904.txt*todaywork1518006283409.txt','2','2','0','1','24JAW','2019-01-29 17:56:11'),(83,'13','3','2018-02-07 18:15:55','werwrwe','2','2','werewr','2018-02-07 18:15:55','test1231518007555779.txt','2','2','0','1','S4FGV','2019-01-29 17:56:11'),(84,'6','5','2018-02-07 19:07:29','gsfdgds','2','2','fdsgfd','2018-02-07 19:07:29','!qhlogs.doc*!qhlogs1518010649611.doc','2','2','0','1','3M5GD','2019-01-29 17:56:11'),(85,'5','5','2018-02-08 10:04:58','wqrwqerw1','2','1','werwew','2018-02-17 10:13:49','test1231518064498627.txt*testcrete1518064498630.txt','1','2','0','1','9G0DK','2019-01-29 17:56:11'),(86,'15','3','2018-02-08 10:13:42','qweqweqw11','3','2','wqewew','2018-02-17 10:52:58','testcrete1518065022777.txt*text125 - Copy1518065022780.txt*text1251518065022783.txt*todaywork - Copy - Copy - Copy (2).txt','1','2','0','1','710NP','23-Feb-0029 06:56 AM'),(88,'14','2','2018-02-08 18:08:27','werwerw1','3','2','erertew','2018-02-17 15:33:31','test1231518093507392.txt*testcrete1518093507429.txt','2','2','0','1','XALYV','2019-01-29 17:56:11'),(91,'15','5','2018-02-10 16:00:03','wrewerr','3','3','rwer','2018-02-15 16:03:37','test1231518258603515.txt','2','2','0','1','FWBDD','15-Mar-2019 11:50 PM'),(97,'6','5','2018-02-16 15:36:19','qweqwe','2','2','qweqwe','2018-02-16 15:36:19',NULL,'2','2','0','1','1JUI9','28-Feb-2018 12:00 AM'),(98,'2','1','2018-02-17 13:01:06','xvb','1','2','xcvxv','2018-02-19 16:55:57',NULL,'2','3','0','1','3V1WC','2018-02-28T17:05'),(99,'16','10','2018-02-17 13:14:17','testing date','3','3','swrwer','2018-02-17 13:14:17',NULL,'2','2','0','1','LW6GV','2018-02-28T01:59'),(100,'2','4','2018-02-17 17:08:11','testing dynamic data','3','3','qwe','2018-02-19 17:04:36',NULL,'1','3','1','1','27H0C','28-Feb-2018 12:00 AM'),(103,'1','2','2018-02-19 17:14:12','major description','4','2','testing Major','2018-02-19 17:14:12','Leela Krishna Daily Task.xlsx','2','2','0','1','NH9ND','28-Feb-2018 12:00 AM');

/*!40101 SET SQL_MODE=@OLD_SQL_MODE */;
/*!40014 SET FOREIGN_KEY_CHECKS=@OLD_FOREIGN_KEY_CHECKS */;
